location,bedrooms,bathrooms,rent
"Kilimani, Dagoretti North",3,3,90000
"Upper Hill, Langata",3,2,360000
"Road, Dagoretti North",2,2,105000
" Parklands, Westlands",2,3,120000
"Kilimani, Dagoretti North",3,6,100000
", Kiambu Road",5,3,85000
"Lavington, Dagoretti North",3,1,160000
" Loresho, Westlands",2,3,85000
"Upper Hill, Langata",2,3,135000
"Park, Karen, Langata",3,2,50000
"Westlands Area, Westlands",2,2,150000
", Brookside, Westlands",3,5,160000
"Rhapta Road, Westlands",3,1,87500
"Academy, Parklands, Westlands",4,3,75000
", Kahawa, Roysambu",4,3,56000
"Parklands, Parklands, Westlands",2,3,105000
"Kilimani, Dagoretti North",5,2,200000
"General Mathenge, Westlands",1,3,500000
"Westlands Area, Westlands",3,2,80000
"Kileleshwa, Dagoretti North",2,3,90000
"Road, Kitisuru, Westlands",2,3,280000
" Brookside, Westlands",4,2,120000
"Lavington, Dagoretti North",2,4,155000
" Parklands, Westlands",3,2,70000
"Kilimani, Dagoretti North",2,2,150000
" Riverside, Westlands",3,2,80000
"Kilimani, Dagoretti North",2,3,80000
"Kilimani, Dagoretti North",3,4,200000
"Drive, Brookside, Westlands",3,5,180000
"Kileleshwa, Dagoretti North",2,1,84000
"Road, Parklands, Westlands",3,2,170000
"Kilimani, Dagoretti North",2,3,150000
"Uthiru/Ruthimitu, Dagoretti South",2,2,28000
"Kilimani, Dagoretti North",4,4,220000
"Lane, Karen, Langata",2,3,180000
"Kilimani, Dagoretti North",3,4,180000
"Lower Kabete, Westlands",1,3,200000
"Road, Parklands, Westlands",3,3,140000
"Westlands Area, Westlands",2,2,90000
"Kileleshwa, Dagoretti North",4,3,130000
" Runda, Westlands",4,2,180000
"Kileleshwa, Dagoretti North",1,3,125000
"Road, Parklands, Westlands",3,2,236797
"Road, Parklands, Westlands",2,2,130000
" Parklands, Westlands",3,1,125000
"Arcade, Dagoretti North",3,3,65000
"Muthaiga Area, Muthaiga",5,5,120000
"Supermarket, Kiambu Road",3,1,100000
"Rhapta Road, Westlands",3,2,260000
" Karen, Langata",3,4,180000
"General Mathenge, Westlands",3,3,260000
"Rhapta Road, Westlands",3,2,165000
"Kilimani, Dagoretti North",3,2,87000
"Kileleshwa, Dagoretti North",3,4,110000
"Lavington, Dagoretti North",3,2,230000
"Kileleshwa, Dagoretti North",3,2,140000
"Kileleshwa, Dagoretti North",1,3,130000
" Parklands, Westlands",2,4,90000
"Road, Parklands, Westlands",5,2,133000
" Parklands, Westlands",2,3,160000
"Lavington, Dagoretti North",3,2,200000
 Mombasa Road,2,2,41000
"Road, Parklands, Westlands",2,2,163000
", Parklands, Westlands",1,4,205000
"Kilimani, Dagoretti North",3,3,81280
"Grove, Parklands, Westlands",4,2,48000
" Ngara, Starehe",4,3,80000
" Parklands, Westlands",1,1,145000
"Kilimani, Dagoretti North",2,4,100000
"Road, Dagoretti North",3,4,35000
"Kilimani, Dagoretti North",2,4,140000
", Parklands, Westlands",3,7,113580
" Karen, Langata",3,4,225000
" Parklands, Westlands",3,5,250000
"Westlands Area, Westlands",5,3,250000
" Karen, Langata",3,3,150000
"Lavington, Dagoretti North",4,4,70000
"Lavington, Dagoretti North",4,1,70000
"Kilimani, Dagoretti North",2,5,200000
"Road, Thika Road",3,4,45000
"Lane, Karen, Langata",2,3,80000
 Mombasa Road,4,2,155280
"Kilimani, Dagoretti North",1,4,100000
", Parklands, Westlands",3,3,80000
"Westlands Area, Westlands",2,5,600000
"Drive, Riverside, Westlands",3,3,280000
"Lavington, Dagoretti North",10,1,200000
"Kileleshwa, Dagoretti North",2,4,90000
", Karen, Langata",2,5,230000
"Rd, Karen, Langata",3,4,140000
"Rhapta Road, Westlands",3,3,100000
" Riverside, Westlands",4,3,85000
"Kileleshwa, Dagoretti North",2,3,150000
"Muthaiga Area, Muthaiga",3,4,250000
", Karen, Langata",1,4,180000
" Riverside, Westlands",3,3,130000
"Kitisuru, Kitisuru, Westlands",3,4,55000
"Westlands Area, Westlands",5,4,115000
"Area, Embakasi North",6,5,250000
"Kileleshwa, Dagoretti North",4,3,85000
" Karen, Langata",5,5,100000
", Karen, Langata",4,3,40000
"Road, Karen, Langata",3,2,80000
"Lavington, Dagoretti North",3,3,150000
"General Mathenge, Westlands",4,2,120000
"Kileleshwa, Dagoretti North",1,2,100000
" Kitisuru, Westlands",3,3,200000
"General Mathenge, Westlands",4,4,220000
" Riverside, Westlands",2,4,95000
"Lavington, Dagoretti North",4,5,350000
"General Mathenge, Westlands",3,3,130000
"Westlands Area, Westlands",4,5,220000
"Westlands Area, Westlands",3,4,125000
"Kileleshwa, Dagoretti North",5,4,380000
"Kitisuru, Kitisuru, Westlands",3,4,300000
" Runda, Westlands",4,4,400000
"Lavington, Dagoretti North",2,2,200000
"Karen, Karen, Langata",4,2,130000
"Drive, Kitisuru, Westlands",5,3,160000
", Karen, Langata",4,2,140000
" Nyari, Westlands",4,5,120000
", Mombasa Road",3,2,161475
"Kilimani, Dagoretti North",3,3,100000
"Windsor, Kiambu Road",3,3,290000
"Road., Loresho, Westlands",2,3,120000
" Karen, Langata",3,5,90000
"Fourways, Kiambu Road",4,1,106000
", Kiambu Road",2,4,250000
"Rd, Kiambu Road",4,2,80000
" Kyuna, Westlands",3,4,250000
"Hurlingham, Dagoretti North",3,5,200000
"Kilimani, Dagoretti North",3,2,160000
" Loresho, Westlands",3,3,55000
"Lavington, Dagoretti North",3,3,180000
"Lavington, Dagoretti North",5,4,550000
"Kilimani, Dagoretti North",3,2,230000
" Karen, Langata",4,3,150000
"Lane, Karen, Langata",3,1,140000
"Kitisuru, Kitisuru, Westlands",2,3,45000
", Riverside, Westlands",4,5,120000
"Westlands Area, Westlands",2,2,90000
"Kilimani, Dagoretti North",2,3,95000
"Kileleshwa, Dagoretti North",2,3,100000
"Paradise, Kiambu Road",3,4,130000
"Kileleshwa, Dagoretti North",4,2,120000
" Karen, Langata",3,2,90000
"Lavington, Dagoretti North",4,4,80000
"Mountain View, Westlands",4,4,140000
"Kileleshwa, Dagoretti North",4,2,75000
"Kileleshwa, Dagoretti North",5,2,130000
"Old Muthaiga, Muthaiga",4,3,250000
"General Mathenge, Westlands",4,3,270000
"Pritt, Dagoretti North",4,2,100000
"Area, Embakasi North",4,4,360000
" Karen, Langata",1,2,180000
"Lavington, Dagoretti North",2,3,230000
"Waiyaki Way, Westlands",2,1,180000
" Nyari, Westlands",3,3,350000
"Kilimani, Dagoretti North",2,4,60000
"Kilimani, Dagoretti North",5,2,79000
"Waiyaki Way, Westlands",3,5,260000
 Kiambu Road,2,4,65000
" Karen, Langata",3,3,300000
"Kileleshwa, Dagoretti North",2,5,200000
", Kitisuru, Westlands",3,3,180000
"Road, Dagoretti North",3,3,150000
"Kileleshwa, Dagoretti North",3,2,180000
"Lower Kabete, Westlands",1,3,435142
" Brookside, Westlands",4,3,150000
"Mathenge, Kitisuru, Westlands",3,4,200000
"Mathenge, Kitisuru, Westlands",4,3,205000
"Mathenge, Kitisuru, Westlands",4,4,160000
"Kilimani, Dagoretti North",1,3,86000
"Kileleshwa, Dagoretti North",3,3,90000
"Kilimani, Dagoretti North",3,2,100000
" Parklands, Westlands",4,6,200000
"Kilimani, Dagoretti North",3,4,210000
"Spring Valley, Westlands",2,3,250000
"Kileleshwa, Dagoretti North",4,2,80000
"Lavington, Dagoretti North",2,3,55000
" Riverside, Westlands",3,2,230000
"Road, Thika Road",3,4,45000
"Lavington, Dagoretti North",6,1,70000
"General Mathenge, Westlands",2,4,130000
" Riverside, Westlands",2,3,260000
"Rhapta Road, Westlands",3,5,150000
"Road, Dagoretti North",3,3,90000
"Lavington, Dagoretti North",4,2,70000
"General Mathenge, Westlands",3,3,200000
" Karen, Langata",2,4,100000
"Lavington, Dagoretti North",2,5,75000
"Kileleshwa, Dagoretti North",5,1,180000
"Westlands Area, Westlands",4,5,45000
"Rd, Thika Road",3,8,85000
"Westlands Area, Westlands",2,6,280000
"Kilimani, Dagoretti North",3,1,150000
"Lavington, Dagoretti North",4,2,275000
"Upper Hill, Langata",2,2,60000
"Rhapta Road, Westlands",4,2,120000
"Hurlingham, Dagoretti North",2,3,190000
" Thigiri, Westlands",4,5,600000
 Thika Road,1,1,85000
"Junction , Ridgeways",3,3,50000
"Rhapta Road, Westlands",3,5,90000
"Rhapta Road, Westlands",4,5,85000
"Kilimani, Dagoretti North",2,4,140000
"Westlands Area, Westlands",4,3,100000
"Kilimani, Dagoretti North",4,2,130000
 Ngong Road,3,2,60000
"Westlands Area, Westlands",4,4,280000
" Gigiri, Westlands",3,3,260000
"Westlands, Riverside, Westlands",3,2,70000
 Kiambu Road,3,6,50000
"Kileleshwa, Dagoretti North",3,5,180000
"Kileleshwa, Dagoretti North",3,4,240000
", Riverside, Westlands",2,5,110000
"Kilimani, Dagoretti North",3,4,180000
"Drive, Riverside, Westlands",3,7,100000
"Kilimani, Dagoretti North",4,3,100000
"Westlands Area, Westlands",2,6,80000
", Parklands, Westlands",3,4,240000
"Old Muthaiga, Muthaiga",2,3,380000
"General Mathenge, Westlands",2,5,200000
"Westlands Area, Westlands",3,2,190000
"Road, Mombasa Road",2,3,1547440
"Kilimani, Dagoretti North",5,5,85000
" Riverside, Westlands",3,3,100000
"Westlands Area, Westlands",3,4,150000
"Kilimani, Dagoretti North",3,3,75000
"Kileleshwa, Dagoretti North",3,4,265000
"Kilimani, Dagoretti North",3,3,120000
"Kilimani, Dagoretti North",4,4,100000
" Brookside, Westlands",1,5,200000
"Westlands Area, Westlands",3,4,170000
"Apartment, Riverside, Westlands",3,2,170000
" Brookside, Westlands",5,2,170000
"Road, Parklands, Westlands",2,1,105000
"Westlands Area, Westlands",2,3,225000
"Lane, Parklands, Westlands",3,3,95000
" Kyuna, Westlands",3,5,200000
"Kilimani, Dagoretti North",5,3,110000
"Road, Parklands, Westlands",4,4,180000
" Karen, Langata",1,2,50000
"Kileleshwa, Dagoretti North",5,2,200000
"Kilimani, Dagoretti North",11,3,120000
"Westlands Area, Westlands",6,4,180000
"Drive, Nyari, Westlands",1,2,300000
"Kilimani, Dagoretti North",3,3,180000
"Kilimani, Dagoretti North",2,3,120000
"Kileleshwa, Dagoretti North",2,4,180000
"Kilimani, Dagoretti North",3,4,95000
"Westlands Area, Westlands",4,2,150000
"Kilimani, Dagoretti North",3,2,140000
"Spring Valley, Westlands",3,4,200000
"Kilimani, Dagoretti North",5,5,100000
"Kilimani, Dagoretti North",4,5,90000
" Kyuna, Westlands",4,3,300000
"Kilimani, Dagoretti North",4,3,180000
"Kilimani, Dagoretti North",5,3,180000
"Kilimani, Dagoretti North",1,4,180000
" Parklands, Westlands",4,3,85000
"Kilimani, Dagoretti North",2,4,200000
"Spring Valley, Westlands",3,2,1006938
"Lavington, Dagoretti North",3,3,170000
"Kileleshwa, Dagoretti North",2,2,80000
"Karenplain, Karen, Langata",2,5,320000
"Westlands Area, Westlands",2,1,450000
"Kileleshwa, Dagoretti North",5,4,150000
"Kilimani, Dagoretti North",5,4,110000
"Kilimani, Dagoretti North",4,6,110000
" Karura, Westlands",5,2,61000
"Westlands Area, Westlands",2,2,110000
"Estate, Brookside, Westlands",6,2,180000
"Road, Nyari, Westlands",4,2,330000
"Kileleshwa, Dagoretti North",2,3,110000
" Riverside, Westlands",6,2,200000
"Old Muthaiga, Muthaiga",2,4,450000
" Kitisuru, Westlands",4,3,250000
" Parklands, Westlands",2,2,209000
"Road, Runda, Westlands",4,3,210000
"Lavington, Dagoretti North",5,5,450000
"Nairobi West, Langata",3,4,48000
"Kileleshwa, Dagoretti North",4,4,125000
"Kileleshwa, Dagoretti North",5,3,140000
"Kileleshwa, Dagoretti North",4,2,110000
"Kileleshwa, Dagoretti North",5,4,200000
"Kileleshwa, Dagoretti North",5,2,100000
"Kileleshwa, Dagoretti North",2,2,90000
"Kileleshwa, Dagoretti North",4,3,85000
"Lower Kabete, Westlands",4,2,300000
"Kileleshwa, Dagoretti North",3,4,250000
"Muthaiga Area, Muthaiga",4,5,250000
"Tree, Rosslyn, Westlands",4,2,400000
"Westlands Area, Westlands",3,2,120000
"Lavington, Dagoretti North",2,4,190000
"Old Muthaiga, Muthaiga",4,4,490000
"Estate, Nyari, Westlands",3,2,165000
"Westlands Area, Westlands",3,1,600000
" Parklands, Westlands",5,4,105000
"Westlands Area, Westlands",4,4,250000
"Lavington, Dagoretti North",2,3,75000
" Karen, Langata",2,4,300000
" Karen, Langata",2,3,150000
" Loresho, Westlands",2,3,170000
", Brookside, Westlands",2,4,220000
"Road, Dagoretti North",2,4,190000
"Kilimani, Dagoretti North",3,3,100000
"Westlands Area, Westlands",6,5,201750
" Kitisuru, Westlands",4,2,20000
"Waiyaki Way, Westlands",3,3,150000
"Westlands Area, Westlands",2,2,180000
"Rd, Loresho, Westlands",4,2,140000
"Westlands Area, Westlands",2,3,350000
"Lavington, Dagoretti North",3,1,75000
"Rd Evergreen, Ridgeways",3,1,250000
" Riverside, Westlands",4,2,300000
"Kilimani, Dagoretti North",2,5,125000
"Westlands Area, Westlands",3,6,110000
"Lavington, Dagoretti North",3,2,170000
"Kileleshwa, Dagoretti North",3,2,250000
"Lavington, Dagoretti North",3,3,120000
" Gigiri, Westlands",3,1,450000
"Mountain View, Westlands",4,2,120000
" Karen, Langata",2,2,200000
" Nyari, Westlands",2,2,200000
"Spring Valley, Westlands",4,5,200000
" Nyari, Westlands",4,2,100000
" Runda, Westlands",5,2,129264
"Kileleshwa, Dagoretti North",3,2,70000
"Muthaiga Area, Muthaiga",4,5,100000
"Lavington, Dagoretti North",3,2,350000
" Edenville, Ridgeways",4,4,85000
"Kilimani, Dagoretti North",3,1,120000
"Road, Karen, Langata",4,1,50000
" Runda, Westlands",4,4,260000
"Road, Karen, Langata",2,2,45000
"Westlands Area, Westlands",3,5,150000
"Kilimani, Dagoretti North",3,4,18000000
"Road, Kitisuru, Westlands",4,1,220000
"Westlands Area, Westlands",2,4,80000
" Gigiri, Westlands",4,4,380000
"Lavington, Dagoretti North",4,2,120000
", Kitisuru, Westlands",5,3,80000
 Kiambu Road,2,1,65000
"Kilimani, Dagoretti North",1,2,90000
"Spring Valley, Westlands",3,1,265000
" Karen, Langata",2,2,100000
"Westlands Area, Westlands",3,1,110000
" Parklands, Westlands",2,1,450000
"Kileleshwa, Dagoretti North",3,3,200000
"Kileleshwa, Dagoretti North",4,3,220000
"General Mathenge, Westlands",3,3,140000
"Westlands Area, Westlands",3,4,120000
" Parklands, Westlands",4,2,300000
"Edenville 2, Ridgeways",4,3,95000
"Kilimani, Dagoretti North",3,4,120000
"Muthaiga Area, Muthaiga",4,3,650000
" Kyuna, Westlands",3,3,400000
"Kilimani, Dagoretti North",4,4,70000
"Nairobi West, Langata",2,2,35000
", Karen, Langata",4,3,100000
"Kilimani, Dagoretti North",2,3,168000
"Estate, Kiambu Road",1,3,70000
"Kilimani, Dagoretti North",4,3,170000
", Karen, Langata",4,5,50000
", Kitisuru, Westlands",4,6,240000
"Estate, Kitisuru, Westlands",5,4,230000
", Kyuna, Westlands",3,3,180000
"Rd, Karen, Langata",3,6,120000
" Parklands, Westlands",4,3,70000
" Karen, Langata",4,3,80000
"Kilimani, Dagoretti North",5,3,150000
" Parklands, Westlands",1,5,140000
"Kileleshwa, Dagoretti North",4,2,160000
" Kangemi, Westlands",3,3,110000
"Lavington, Dagoretti North",4,4,150000
"Mukoma, Karen, Langata",3,2,100000
"Ridge, Loresho, Westlands",1,4,85000
"Drive, Brookside, Westlands",2,2,165000
"General Mathenge, Westlands",4,2,200000
"Kilimani, Dagoretti North",2,6,70000
" Brookside, Westlands",5,3,250000
"Gardens, Parklands, Westlands",3,4,80000
"Lavington, Dagoretti North",4,5,255000
", Karen, Langata",3,2,40000
"General Mathenge, Westlands",3,3,225000
" Kitisuru, Westlands",2,3,270000
"Westlands Area, Westlands",5,1,65000
"Lane, Karen, Langata",2,1,250000
"Road, Runda, Westlands",2,4,210000
" Runda, Westlands",4,2,260000
"Road, Karen, Langata",2,4,350000
"Road, Karen, Langata",2,4,90000
"Centre, Karen, Langata",2,1,85000
" Karen, Langata",1,4,140000
" Kitisuru, Westlands",1,4,270000
"Road, Runda, Westlands",4,6,160000
" Karen, Langata",2,6,85000
" Runda, Westlands",2,3,250000
"General Mathenge, Westlands",4,3,120000
 Kiambu Road,3,3,160000
"Kileleshwa, Dagoretti North",5,2,180000
"Spring Valley, Westlands",2,2,300000
"North Muthaiga, Muthaiga",2,2,100000
"Westlands Area, Westlands",2,2,130000
"Westlands Area, Westlands",2,2,220000
"North Muthaiga, Muthaiga",3,3,220000
"Drive, Brookside, Westlands",2,5,170000
" Kitisuru, Westlands",2,5,240000
" Kitisuru, Westlands",2,5,280000
" Thome, Roysambu",3,1,95000
"Rhapta Road, Westlands",5,2,120000
"Lavington, Dagoretti North",1,5,330000
"Estate, Kiambu Road",3,5,110000
"House, Dagoretti North",2,1,180000
"Rd, Karen, Langata",2,2,100000
"Kilimani, Dagoretti North",2,2,185000
"Kileleshwa, Dagoretti North",5,4,130000
" Runda, Westlands",3,1,120000
", Riverside, Westlands",2,4,120000
"Migaa, Kiambu Road",2,2,55000
"Phase Ii, Ridgeways",2,2,95000
"Kileleshwa, Dagoretti North",3,2,160000
"Kileleshwa, Dagoretti North",4,2,135000
"Spring Valley, Westlands",4,6,320000
"Kilimani, Dagoretti North",2,3,120000
" Karen, Langata",3,6,300000
"Kileleshwa, Dagoretti North",1,1,200000
"Kileleshwa, Dagoretti North",1,6,130000
"General Mathenge, Westlands",3,5,120000
"Waiyaki Way, Westlands",1,5,170000
"General Mathenge, Westlands",5,5,200000
"Kilimani, Dagoretti North",4,4,150000
"House, Dagoretti North",6,2,150000
" Nyari, Westlands",3,2,180000
"House, Dagoretti North",3,4,170000
"Kilimani, Dagoretti North",3,2,250000
"House, Dagoretti North",3,3,140000
"House, Dagoretti North",1,4,260000
"Spring Valley, Westlands",3,1,150000
"Junction , Ridgeways",2,1,90000
"Westlands Area, Westlands",2,1,90000
"Lavington, Dagoretti North",1,3,250000
 Kiambu Road,4,4,90000
"Westlands Area, Westlands",2,2,130000
"Rhapta Road, Westlands",3,7,190000
" Runda, Westlands",1,5,262500
"Kilimani, Dagoretti North",3,5,150000
" Nyari, Westlands",3,4,300000
" Runda, Westlands",3,7,300000
"Kileleshwa, Dagoretti North",4,3,85000
" Brookside, Westlands",3,3,180000
"Kilimani, Dagoretti North",2,3,120000
" Kangemi, Westlands",2,2,110000
"Kilimani, Dagoretti North",3,2,170000
"Waiyaki Way, Westlands",3,6,80000
"Lavington, Dagoretti North",2,3,300000
"Road, Kitisuru, Westlands",4,3,270000
"Lane, Karen, Langata",3,4,20000
" Runda, Westlands",2,2,350000
" Riverside, Westlands",2,6,180000
" Riverside, Westlands",3,4,220000
"Hurlingham, Dagoretti North",3,3,100000
"Dr, Riverside, Westlands",3,3,130000
"Westlands Area, Westlands",3,4,70000
"General Mathenge, Westlands",3,3,130000
"Kilimani, Dagoretti North",3,4,200000
"Lavington, Dagoretti North",4,3,130000
"Kilimani, Dagoretti North",4,3,90000
", Kitisuru, Westlands",5,3,280000
"Rhapta Road, Westlands",4,3,200000
"Road, Dagoretti North",3,2,140000
"Highrise, Dagoretti South",5,3,20000
"House, Dagoretti North",3,3,190000
" Riverside, Westlands",2,5,225000
" Riverside, Westlands",1,5,160000
"Estate, Karen, Langata",3,6,220000
"Drive, Riverside, Westlands",4,3,130000
", Karen, Langata",5,3,40000
"Kilimani, Dagoretti North",3,6,200000
", Parklands, Westlands",2,2,130000
"Westlands Area, Westlands",3,5,120000
"Nairobi Hardy, Langata",3,1,160000
", Parklands, Westlands",1,2,125000
" Riverside, Westlands",3,3,180000
" Parklands, Westlands",2,6,70000
"Kilimani, Dagoretti North",3,3,230000
", Parklands, Westlands",5,1,250000
", Parklands, Westlands",3,2,95000
"Hurlingham, Dagoretti North",5,8,180000
"Lavington, Dagoretti North",4,3,180000
"Lavington, Dagoretti North",5,2,100000
"Lavington, Dagoretti North",4,1,150000
" Karen, Langata",1,1,240000
"Waiyaki Way, Westlands",3,3,290250
"Junction, Kiambu Road",3,3,106000
"Road, Dagoretti North",1,4,200000
"Mountain View, Westlands",2,2,200000
" Riverside, Westlands",4,2,280000
"North Muthaiga, Muthaiga",2,2,450000
"Road, Dagoretti North",2,2,170000
", Gigiri, Westlands",4,2,190000
"Westlands Area, Westlands",3,2,120000
"Drive, Riverside, Westlands",3,2,150000
 Mombasa Road,1,1,236800
", Thika Road",4,3,46800
"Estate, Kiambu Road",4,3,170000
 Mombasa Road,4,5,400000
"Old Muthaiga, Muthaiga",5,4,550000
"Kilimani, Dagoretti North",2,4,70000
" Riverside, Westlands",2,6,100000
"Waiyaki Way, Westlands",3,1,631680
"Westlands Area, Westlands",2,3,80000
"Westlands Area, Westlands",3,4,130000
"Avenue, Parklands, Westlands",3,2,180000
"Westlands Area, Westlands",3,4,150000
 Thika Road,3,2,120000
" Riverside, Westlands",7,3,150000
"Estate, Kiambu Road",5,2,70000
"Lavington, Dagoretti North",2,4,250000
 Thika Road,6,3,120000
"Westlands Area, Westlands",6,4,220000
"Lavington, Dagoretti North",5,1,170000
"Lavington, Dagoretti North",5,3,200000
  Ridgeways,5,2,120000
"Drive, Riverside, Westlands",1,3,90000
" Riverside, Westlands",3,4,15000
"Kilimani, Dagoretti North",4,3,150000
", Karen, Langata",5,2,18000
"Kilimani, Dagoretti North",2,2,200000
" Karen, Langata",4,3,300000
"Kilimani, Dagoretti North",4,2,250000
"Kileleshwa, Dagoretti North",3,5,130000
 Kiambu Road,4,2,120000
"Kilimani, Dagoretti North",2,3,210000
"Peponi, Parklands, Westlands",6,2,350000
"Kilimani, Dagoretti North",4,1,60000
"Lavington, Dagoretti North",4,6,150000
", Mombasa Road",2,1,70000
", Karen, Langata",4,6,300000
", Karen, Langata",2,1,400000
"Kilimani, Dagoretti North",2,3,160000
"Upper Hill, Langata",3,4,360000
" Loresho, Westlands",3,3,100000
"Kileleshwa, Dagoretti North",2,4,155000
  Ridgeways,5,4,120000
"Westlands Area, Westlands",2,2,600000
"Garden Estate, Roysambu",4,2,250000
"Westlands Area, Westlands",4,2,270000
"Westlands Area, Westlands",4,3,500000
"Ridge, Karen, Langata",3,2,230000
"Nairobi West, Langata",1,3,58000
"Kileleshwa, Dagoretti North",5,2,700000
"Lavington, Dagoretti North",4,3,350000
"Estate, Karen, Langata",5,3,200000
"Lavington, Dagoretti North",4,3,190000
"Lavington, Dagoretti North",1,2,190000
"Lavington, Dagoretti North",4,3,250000
"Lavington, Dagoretti North",3,4,225000
"Lavington, Dagoretti North",3,2,200000
", Karen, Langata",2,3,70000
"South C, Langata",4,3,60000
"Lavington, Dagoretti North",2,2,220000
" Runda, Westlands",5,5,300000
" Runda, Westlands",4,2,100000
"Kileleshwa, Dagoretti North",5,5,135000
 Kiambu Road,2,6,95000
 Ngong Road,3,4,95000
"Kilimani, Dagoretti North",4,6,200000
"Spring Valley, Westlands",4,4,190000
"Kilimani, Dagoretti North",1,4,130000
"Lavington, Dagoretti North",1,5,190000
"Spring Valley, Westlands",4,3,170000
"General Mathenge, Westlands",1,4,180000
" Runda, Westlands",4,4,100000
"Road, Karen, Langata",4,3,225000
", Parklands, Westlands",2,5,160
" Runda, Westlands",3,5,120000
"Road, Dagoretti North",6,5,150000
 Kiambu Road,2,2,85000
"Kilimani, Dagoretti North",4,4,180000
" Loresho, Westlands",4,3,55000
"Lavington, Dagoretti North",4,2,420000
" Riverside, Westlands",4,3,170000
" Runda, Westlands",5,3,200000
"Lake View, Westlands",2,3,300000
"Old Muthaiga, Muthaiga",4,4,500000
"Area, Embakasi North",3,2,356400
"Rhapta Road, Westlands",4,5,150000
"Kilimani, Dagoretti North",6,4,120000
"Lavington, Dagoretti North",4,5,250000
", Parklands, Westlands",4,3,240000
" Karen, Langata",2,4,150000
 Ngong Road,3,2,420000
  Ridgeways,3,3,300000
"Lavington, Dagoretti North",2,3,400000
"Kileleshwa, Dagoretti North",4,3,70000
"Kilimani, Dagoretti North",4,3,34939
"Lavington, Dagoretti North",1,3,350000
"Langata Area, Langata",5,3,60000
"Area, Embakasi North",2,4,370000
" Karen, Langata",2,2,45000
"Kileleshwa, Dagoretti North",5,2,85000
"Westlands, Runda, Westlands",4,2,250000
"Kileleshwa, Dagoretti North",6,3,130000
" Runda, Westlands",1,5,420000
" Runda, Westlands",4,4,420000
"Muthaiga Area, Muthaiga",4,5,350000
"South B, Langata",4,3,38000
"Kilimani, Dagoretti North",3,3,300000
"Westlands Area, Westlands",5,2,180000
"Peponi, Parklands, Westlands",4,1,240000
"Drive, Riverside, Westlands",3,3,125000
" Karen, Langata",3,5,45000
"Lower Kabete, Westlands",3,3,300000
"Westlands Area, Westlands",3,1,120000
" Loresho, Westlands",3,2,290000
"Rigde), Kitisuru, Westlands",3,3,220000
  Ridgeways,3,2,70000
"Peponi, Parklands, Westlands",3,5,250000
" Runda, Westlands",3,5,350000
" Runda, Westlands",3,2,190000
" Runda, Westlands",4,5,400000
" Runda, Westlands",2,3,250000
" Runda, Westlands",5,5,250000
"Lavington, Dagoretti North",4,2,330000
"Lower Kabete, Westlands",5,4,400000
"Highridge, Parklands, Westlands",5,3,50000
"Kileleshwa, Dagoretti North",2,2,150000
" Nyari, Westlands",2,7,350000
"South B, Langata",6,4,80000
"Kileleshwa, Dagoretti North",1,4,180000
 Kiambu Road,5,5,100000
"Muthaiga Area, Muthaiga",1,4,300000
"South B, Langata",4,5,40000
"Drive, Riverside, Westlands",1,2,140000
"Upper Hill, Langata",2,4,165000
" Rosslyn, Westlands",3,5,250000
"Road, Kitisuru, Westlands",5,2,210000
"Westlands Area, Westlands",3,3,280000
"Lavington, Dagoretti North",3,3,200000
" Runda, Westlands",3,4,90000
" Runda, Westlands",3,4,350000
"Kilimani, Dagoretti North",2,5,95000
"Kilimani, Dagoretti North",5,5,150000
" Kyuna, Westlands",2,5,250000
" Runda, Westlands",3,4,250000
"Upper Hill, Langata",1,4,448000
"Lavington, Dagoretti North",3,4,190000
"South B, Langata",3,4,40000
"Drive, Riverside, Westlands",3,4,190000
" Rosslyn, Westlands",4,1,300000
"Drive, Riverside, Westlands",2,4,220000
"Kileleshwa, Dagoretti North",4,4,130000
"Kilimani, Dagoretti North",3,4,200000
"Lavington, Dagoretti North",3,2,380000
"Kilimani, Dagoretti North",4,8,180000
"Kileleshwa, Dagoretti North",3,4,200000
" Riverside, Westlands",4,5,220000
"Road, Parklands, Westlands",3,4,140000
" Riverside, Westlands",2,4,160000
"Kileleshwa, Dagoretti North",2,4,220000
"Kileleshwa, Dagoretti North",1,4,200000
"Kileleshwa, Dagoretti North",3,2,120000
"Kilimani, Dagoretti North",3,4,90000
" Riverside, Westlands",5,4,250000
"Westlands Area, Westlands",5,3,300000
"Kileleshwa, Dagoretti North",4,3,170000
"Lower Kabete, Westlands",5,1,420000
 Kiambu Road,1,5,250000
", Karen, Langata",3,4,230000
"Kilimani, Dagoretti North",4,2,10000
" Runda, Westlands",2,3,350000
"Daima, Embakasi South",3,4,35000
"Kileleshwa, Dagoretti North",3,3,125000
"Westlands, Parklands, Westlands",3,7,600000
"Lavington, Dagoretti North",3,1,190000
"Kilimani, Dagoretti North",4,5,67000
" Runda, Westlands",3,3,350000
"Utawala, Embakasi East",3,5,15000
"Road, Runda, Westlands",4,3,400000
"Lavington, Dagoretti North",1,4,100000
"Kilimani, Dagoretti North",2,5,160000
"Kilimani, Dagoretti North",3,4,130000
"Lavington, Dagoretti North",1,2,300000
" Riverside, Westlands",2,5,180000
", Mombasa Road",3,3,161475
"Kilimani, Dagoretti North",4,4,200000
"Westlands Area, Westlands",2,3,160000
" Ruai, Kasarani",2,4,180000
"Lavington, Dagoretti North",3,4,220000
"Embakasi, Embakasi East",4,4,343534
"Westlands Area, Westlands",3,6,250000
"Area, Embakasi North",3,5,200000
"Lavington, Dagoretti North",2,1,350000
 Thika Road,5,3,120000
"Spring Valley, Westlands",2,4,190000
 Ngong Road,3,3,130000
"Lavington, Dagoretti North",2,3,120000
" Ngara, Starehe",1,4,38000
"Area, Embakasi North",5,3,172260
"Kilimani, Dagoretti North",1,2,356491
" Loresho, Westlands",4,5,85000
"Westlands Area, Westlands",1,3,115000
"Lavington, Dagoretti North",4,4,220000
 Mombasa Road,3,4,350000
"Westlands Area, Westlands",3,3,52000
"Westlands Area, Westlands",3,4,200000
"Lavington, Dagoretti North",3,5,65000
"Westlands Area, Westlands",4,3,150000
"Garden, Runda, Westlands",3,2,300000
"Lavington, Dagoretti North",2,3,70000
" Runda, Westlands",3,3,270000
"Lavington, Dagoretti North",2,5,120000
", Karen, Langata",2,3,70000
 Mombasa Road,3,3,41000
 Mombasa Road,5,2,200000
"Kilimani, Dagoretti North",5,4,130000
"Kileleshwa, Dagoretti North",2,6,40000
"General Mathenge, Westlands",3,4,115000
"Kileleshwa, Dagoretti North",3,2,260000
"Lane, Parklands, Westlands",4,1,75000
"Apartment, Riverside, Westlands",2,3,160000
"Lavington, Dagoretti North",4,3,350000
"North Muthaiga, Muthaiga",5,1,200000
"Kileleshwa, Dagoretti North",4,5,130000
" Karen, Langata",2,4,220000
"Lavington, Dagoretti North",4,4,90000
"Road, Dagoretti North",3,3,370000
"Road, Karen, Langata",3,4,200000
"Westlands Area, Westlands",3,3,160000
"Upper Hill, Langata",5,6,79700
"Road, Runda, Westlands",2,4,150000
", Karen, Langata",4,2,130000
", Parklands, Westlands",4,5,113580
"Area, Embakasi North",4,5,300000
", Parklands, Westlands",2,3,110000
"Westlands Area, Westlands",1,2,475230
" Chiromo, Westlands Area, Westlands",2,5,112590
"Kilimani, Dagoretti North",3,3,180000
"Bogani, Karen, Langata",3,5,375000
"Kilimani, Dagoretti North",3,6,90000
"Lavington, Dagoretti North",3,3,300000
"Westlands Area, Westlands",5,8,50300
"Kileleshwa, Dagoretti North",3,4,135000
" Karen, Langata",5,4,90000
" Parklands, Westlands",2,4,300000
 Ngong Road,5,2,45000
"Road, Karen, Langata",5,5,300000
"Westlands Area, Westlands",2,5,135000
"Waiyaki Way, Westlands",4,6,150000
"Lavington, Dagoretti North",5,5,150000
" Riverside, Westlands",4,5,90000
"Kileleshwa, Dagoretti North",4,5,200000
"Westlands Area, Westlands",5,3,100
"Westlands Area, Westlands",3,3,258000
"Road, Parklands, Westlands",5,4,495550
"Lavington, Dagoretti North",3,5,150000
", Kiambu Road",5,5,120000
" Rosslyn, Westlands",3,4,270530
"Kilimani, Dagoretti North",3,3,90000
"Kileleshwa, Dagoretti North",2,5,65000
"Kilimani, Dagoretti North",4,2,85000
", Ngong Road",3,4,80000
"Grove, Parklands, Westlands",5,3,100000
"Road, Dagoretti North",4,3,252000
 Jogoo Road,5,4,22050
"Kilimani, Dagoretti North",2,3,200000
"Karume, Cbd, Starehe",1,3,120
 Kiambu Road,4,2,55000
"Westlands Area, Westlands",2,3,204250
  Ridgeways,3,4,100000
 Mombasa Road,3,5,30000
" Cbd, Starehe",2,4,119000
"Embakasi, Embakasi East",4,5,420000
 Mombasa Road,3,4,100
"Lavington, Dagoretti North",4,3,250000
"Nairobi Central, Starehe",4,2,45000
"Westlands Area, Westlands",2,2,1218000
"Daima, Embakasi South",6,2,40000
"Hurlingham, Dagoretti North",5,5,100000
"Kilimani, Dagoretti North",4,4,85000
" Runda, Westlands",5,3,175000
"Kilimani, Dagoretti North",2,4,114000
"Kileleshwa, Dagoretti North",4,4,52000
"Kilimani, Dagoretti North",4,6,280000
"Lavington, Dagoretti North",2,4,110000
"Nairobi Central, Starehe",3,4,480000
"Lavington, Dagoretti North",3,2,120000
"Kileleshwa, Dagoretti North",5,5,38000
"Road, Parklands, Westlands",5,6,130000
"Area, Embakasi North",5,3,58000
"Parc, Mombasa Road",5,6,240642
"Kilimani, Dagoretti North",3,6,130000
"Lavington, Dagoretti North",2,1,80000
"Kileleshwa, Dagoretti North",3,5,130000
"Kilimani, Dagoretti North",4,2,130000
"Rd, Karen, Langata",2,5,180000
"Kilimani, Dagoretti North",3,4,150000
"Kilimani, Dagoretti North",5,4,75000
"Kileleshwa, Dagoretti North",4,3,70000
"Kilimani, Dagoretti North",3,4,70000
"Kilimani, Dagoretti North",4,2,100000
"Kilimani, Dagoretti North",4,4,90000
" Runda, Westlands",3,5,550000
" Nyari, Westlands",4,2,350000
"Westlands Area, Westlands",3,5,100000
" Riverside, Westlands",5,1,160000
"Lavington, Dagoretti North",1,4,150000
"Westlands Area, Westlands",3,5,330000
"Kileleshwa, Dagoretti North",3,4,85000
" Runda, Westlands",5,4,310000
" Nyari, Westlands",4,3,350000
"Waiyaki Way, Westlands",5,4,100000
"Lavington, Dagoretti North",3,5,85000
"Kilimani, Dagoretti North",3,2,100000
"Lavington, Dagoretti North",2,6,90000
"Westlands Area, Westlands",2,4,160000
"Westlands Area, Westlands",3,3,150000
" Runda, Westlands",1,5,350000
"Kilimani, Dagoretti North",3,5,130000
" Runda, Westlands",3,5,210000
" Runda, Westlands",4,1,250000
"Kilimani, Dagoretti North",5,4,90000
"Kilimani, Dagoretti North",4,3,120000
"Lavington, Dagoretti North",1,3,65000
"Kileleshwa, Dagoretti North",4,4,75000
"Kilimani, Dagoretti North",3,4,115000
"Rhapta Road, Westlands",3,3,80000
" Karen, Langata",2,6,85000
", Karen, Langata",4,2,80000
"Lavington, Dagoretti North",2,5,300000
", Karen, Langata",3,4,80000
"Road, Runda, Westlands",5,3,350000
"Kilimani, Dagoretti North",4,2,65000
"Lavington, Dagoretti North",3,1,350000
"Lavington, Dagoretti North",5,4,250000
"Lavington, Dagoretti North",1,2,65000
" Runda, Westlands",4,6,350000
"Lavington, Dagoretti North",4,3,450000
"Westlands Area, Westlands",3,5,190000
" Runda, Westlands",2,4,380000
" Runda, Westlands",3,2,380000
" Parklands, Westlands",4,3,120000
"Runda, Runda, Westlands",2,1,370000
"Kilimani, Dagoretti North",4,2,110000
" Runda, Westlands",4,4,300000
" Parklands, Westlands",5,7,270000
"Kileleshwa, Dagoretti North",5,2,200000
"Westlands Area, Westlands",5,6,100000
" Runda, Westlands",4,2,300000
"Lavington, Dagoretti North",4,4,110000
" Runda, Westlands",4,4,350000
 Kiambu Road,5,3,90000
" Runda, Westlands",5,3,300000
"Kilimani, Dagoretti North",5,3,70000
" Riverside, Westlands",5,3,120000
" Riverside, Westlands",5,3,210000
"Kilimani, Dagoretti North",4,4,75000
"Lavington, Dagoretti North",4,3,120000
"Junction, Kiambu Road",2,2,95000
"Lake View, Westlands",5,4,273000
"Lavington, Dagoretti North",6,4,150000
"Kileleshwa, Dagoretti North",5,5,180000
"Kilimani, Dagoretti North",4,2,120000
"Drive, Runda, Westlands",4,5,325000
"Road, Karen, Langata",1,3,170000
"Kilimani, Dagoretti North",3,3,180000
"Kilimani, Dagoretti North",5,1,120000
"North Muthaiga, Muthaiga",3,6,220000
", Karen, Langata",3,6,77000
"North Muthaiga, Muthaiga",4,3,250000
" Riverside, Westlands",3,1,130000
"House, Dagoretti North",4,4,165000
" Runda, Westlands",4,4,280000
"Road, Riverside, Westlands",5,5,70000
"Old Muthaiga, Muthaiga",5,3,90000
"Lavington, Dagoretti North",3,2,200000
" Runda, Westlands",3,6,350000
" Runda, Westlands",4,3,350000
" Runda, Westlands",2,5,350000
"Drive, Gigiri, Westlands",4,1,270000
"Kilimani, Dagoretti North",3,5,125000
"Drive, Riverside, Westlands",4,4,581310
"Westlands Area, Westlands",3,3,110000
"Kilimani, Dagoretti North",5,4,160000
"Kileleshwa, Dagoretti North",3,3,90000
"Kileleshwa, Dagoretti North",3,3,75000
" Runda, Westlands",3,3,180000
"Area, Embakasi North",5,4,1200000
" Runda, Westlands",5,4,270000
"Hill View, Westlands",4,5,270000
"Lavington, Dagoretti North",3,6,170000
"General Mathenge, Westlands",4,4,150000
"Lavington, Dagoretti North",5,1,260000
" Gigiri, Westlands",2,2,300000
" Nyari, Westlands",5,1,300000
"Kilimani, Dagoretti North",4,4,130000
"Kileleshwa, Dagoretti North",3,5,300000
"Kilimani, Dagoretti North",1,1,70000
"New Kitusuru, Westlands",4,4,45000
"Westlands Area, Westlands",6,1,150000
" Nyari, Westlands",4,3,600000
" Runda, Westlands",4,1,290000
" Runda, Westlands",1,6,380000
"Kilimani, Dagoretti North",1,4,85000
", Karen, Langata",10,3,75000
"Center, Kitisuru, Westlands",3,4,140000
"Kilimani, Dagoretti North",5,6,135000
"Kileleshwa, Dagoretti North",5,2,150000
"Kilimani, Dagoretti North",3,6,110000
"General Mathenge, Westlands",1,5,150000
" Riverside, Westlands",3,4,130000
  Ridgeways,3,4,250000
"Kiambu Rd, Ridgeways",4,2,200000
"Road, Karen, Langata",2,2,155000
"Kileleshwa, Dagoretti North",4,5,130000
"Lavington, Dagoretti North",4,4,160000
"Lavington, Dagoretti North",4,1,150000
" Karura, Westlands",3,3,250000
"Kileleshwa, Dagoretti North",6,1,75000
"Lavington, Dagoretti North",5,1,200000
" Riverside, Westlands",2,2,150000
"Kilimani, Dagoretti North",1,3,160000
" Rosslyn, Westlands",2,3,400000
"Lavington, Dagoretti North",5,4,350000
"Kileleshwa, Dagoretti North",3,3,95000
" Runda, Westlands",4,4,350000
"Westlands Area, Westlands",3,4,120000
"Kilimani, Dagoretti North",4,1,170000
"Lavington, Dagoretti North",3,1,190000
" Riverside, Westlands",3,4,230000
"Kilimani, Dagoretti North",6,4,75000
"Kilimani, Dagoretti North",5,2,85000
"Lavington, Dagoretti North",2,4,190000
"Kilimani, Dagoretti North",5,4,180000
" Karen, Langata",4,3,180000
"Pritt, Dagoretti North",4,4,90000
" Nyari, Westlands",3,3,400000
"Lavington, Dagoretti North",3,1,250000
"Lavington, Dagoretti North",3,4,350000
"Kilimani, Dagoretti North",5,3,160000
"Lavington, Dagoretti North",4,4,220000
"Lavington, Dagoretti North",2,4,200000
"Lavington, Dagoretti North",3,2,250000
" Nyari, Westlands",4,6,450000
"Lavington, Dagoretti North",4,2,350000
"Lavington, Dagoretti North",3,5,230000
"Lavington, Dagoretti North",3,1,250000
"Lavington, Dagoretti North",5,4,220000
"Lavington, Dagoretti North",3,2,200000
"Kilimani, Dagoretti North",3,2,75000
"Lavington, Dagoretti North",5,2,220000
" Karen, Langata",4,4,400000
" Riverside, Westlands",2,2,110000
"Spring Valley, Westlands",4,3,330000
" Runda, Westlands",3,2,350000
"Lavington, Dagoretti North",3,4,120000
"Kileleshwa, Dagoretti North",3,4,68000
" Runda, Westlands",4,2,370000
" Parklands, Westlands",4,4,75000
"Kileleshwa, Dagoretti North",3,4,140000
" Runda, Westlands",3,4,275000
"Kilimani, Dagoretti North",4,5,90000
"Kileleshwa, Dagoretti North",4,4,160000
"Lavington, Dagoretti North",3,2,120000
"Lavington, Dagoretti North",4,2,300000
" Runda, Westlands",4,2,350000
"Corner, Dagoretti South",4,1,55000
"Drive, Riverside, Westlands",5,3,170000
"Lavington, Dagoretti North",5,4,200000
" Karen, Langata",3,4,120000
"Lavington, Dagoretti North",3,5,190000
"General Mathenge, Westlands",4,3,160000
  Ridgeways,3,3,135000
" Riverside, Westlands",3,4,300000
"House, Dagoretti North",4,4,330000
"Road, Karen, Langata",3,6,280000
"Kilimani, Dagoretti North",4,3,90000
"Road, Parklands, Westlands",3,3,95000
"Lavington, Dagoretti North",4,2,220000
" Runda, Westlands",5,2,450000
" Karura, Westlands",2,3,190000
" Riverside, Westlands",4,1,200000
" Runda, Westlands",5,1,400000
"Lane, Parklands, Westlands",4,1,300000
"Muthaiga Area, Muthaiga",3,2,190000
"Lavington, Dagoretti North",2,2,70000
"General Mathenge, Westlands",4,1,215000
"Drive, Runda, Westlands",3,1,230000
" Riverside, Westlands",2,1,170000
"Kilimani, Dagoretti North",3,1,70000
"Kilimani, Dagoretti North",4,2,180000
"Kileleshwa, Dagoretti North",5,3,280000
" Runda, Westlands",5,3,400000
"Lavington, Dagoretti North",4,1,210000
" Riverside, Westlands",3,5,95000
"Westlands Area, Westlands",4,1,110000
"Lavington, Dagoretti North",5,1,550000
" Nyari, Westlands",4,4,250000
" Runda, Westlands",2,2,330000
" Runda, Westlands",5,2,470000
"Lavington, Dagoretti North",5,3,150000
" Karen, Langata",3,3,45000
" Riverside, Westlands",2,3,200000
" Riverside, Westlands",5,4,280000
 Kiambu Road,3,5,165000
"Nairobi West, Langata",4,2,55000
"Nairobi, Kiambu Road",2,1,100000
 Kiambu Road,4,5,110000
"Lavington, Dagoretti North",4,2,250000
"Kileleshwa, Dagoretti North",7,2,170000
"Kileleshwa, Dagoretti North",4,1,150000
"Estate, Nyari, Westlands",4,4,450000
"Kilimani, Dagoretti North",4,3,75000
"Kileleshwa, Dagoretti North",2,6,90000
 Kiambu Road,4,9,31000
", Karen, Langata",5,4,450000
"Lavington, Dagoretti North",5,5,180000
"Muthaiga Area, Muthaiga",5,3,300000
" Riverside, Westlands",5,4,125000
", Runda, Westlands",4,4,350000
"Kileleshwa, Dagoretti North",4,7,90000
"Hospital, Loresho, Westlands",4,7,70000
"Hardy, Karen, Langata",3,4,270000
" Gigiri, Westlands",2,2,350000
" Riverside, Westlands",4,3,140000
" Runda, Westlands",4,1,400000
"Lake View, Westlands",4,2,275000
"Lavington, Dagoretti North",4,4,315000
"Kilimani, Dagoretti North",4,2,150000
" Riverside, Westlands",5,2,250000
"Westlands Area, Westlands",4,2,80000
"North Muthaiga, Muthaiga",3,2,250000
"Miotoni, Karen, Langata",3,4,300000
"Lavington, Dagoretti North",4,1,85000
"Kileleshwa, Dagoretti North",3,4,140000
"Lake View, Westlands",4,4,270000
" Runda, Westlands",2,3,320000
"Lavington, Dagoretti North",3,5,120000
"Kileleshwa, Dagoretti North",2,5,140000
" Karen, Langata",4,2,185000
"Parklands, Parklands, Westlands",4,4,265200
"Kilimani, Dagoretti North",5,1,100000
"Kilimani, Dagoretti North",4,3,110000
" Rosslyn, Westlands",4,2,380000
" Runda, Westlands",4,2,300000
" Karen, Langata",4,3,65000
"Westlands Area, Westlands",2,2,450000
"Road, Parklands, Westlands",4,4,135000
" Parklands, Westlands",2,2,80000
" Riverside, Westlands",4,3,110000
"Kileleshwa, Dagoretti North",5,4,85000
" Karen, Langata",5,2,150000
  Ridgeways,6,3,400000
"Pritt, Dagoretti North",3,4,110000
"Gardens, Kamiti, Muthaiga",4,4,55000
"Road, Karen, Langata",4,4,150000
" Runda, Westlands",5,4,300000
"Westlands Area, Westlands",5,2,120000
"Pritt, Dagoretti North",4,2,200000
" Runda, Westlands",3,3,200000
" Karen, Langata",4,2,180000
" Karen, Langata",5,4,200000
"Road, Karen, Langata",4,4,185000
"Kileleshwa, Dagoretti North",3,2,130000
" Karen, Langata",3,5,100000
"Lavington, Dagoretti North",5,5,180000
"Kilimani, Dagoretti North",5,5,95000
"Road, Karen, Langata",1,4,160000
 Ngong Road,1,1,157200
"Lavington, Dagoretti North",6,3,200000
"Kilimani, Dagoretti North",3,2,250000
" Karen, Langata",2,6,260000
"Lavington, Dagoretti North",3,2,85000
"Mukoma, Karen, Langata",3,2,150000
" Gigiri, Westlands",5,4,330000
"House, Dagoretti North",4,4,100000
" Riverside, Westlands",4,3,300000
" Karen, Langata",4,3,300000
"Lavington, Dagoretti North",4,7,280000
"Rd, Karen, Langata",2,4,140000
"Drive, Riverside, Westlands",5,4,65000
"Lavington, Dagoretti North",4,3,360000
"General Mathenge, Westlands",4,1,150000
" Karen, Langata",3,4,120000
"House, Dagoretti North",5,4,100000
"Langata Area, Langata",4,2,140000
" Nyari, Westlands",4,2,195000
"Drive, Riverside, Westlands",5,3,250000
"Drive, Runda, Westlands",2,3,290000
"Gardens, Brookside, Westlands",3,2,250000
  Ridgeways,4,3,180000
" Karen, Langata",5,2,230000
" Runda, Westlands",4,4,220000
"Rd, Zimmermann, Roysambu",6,7,45000
"Lavington, Dagoretti North",4,4,300000
" Thigiri, Westlands",4,3,350000
"Vet, Karen, Langata",2,2,50000
  Ridgeways,5,2,100000
"Lavington, Dagoretti North",3,4,260000
"Road, Karen, Langata",4,3,110000
"Lavington, Dagoretti North",5,2,220000
" Karen, Langata",2,2,200000
" Karen, Langata",6,5,330000
"Lavington, Dagoretti North",4,2,250000
" Karen, Langata",4,2,450000
"Kilimani, Dagoretti North",3,2,150000
 Kiambu Road,4,3,250000
 Kiambu Road,5,4,250000
"General Mathenge, Westlands",2,2,135000
"Arcade, Dagoretti North",4,4,140000
"Lavington, Dagoretti North",4,1,220000
"Lavington, Dagoretti North",5,3,400000
"Lavington, Dagoretti North",2,4,220000
"Waiyaki Way, Westlands",4,3,175000
"Road, Karen, Langata",4,2,300000
" Kitisuru, Westlands",4,2,200000
" Runda, Westlands",3,4,350000
"Lavington, Dagoretti North",3,2,80000
"Kilimani, Dagoretti North",4,4,100000
" Runda, Westlands",4,3,200000
 Kiambu Road,5,5,75000
"Kilimani, Dagoretti North",2,4,165000
"Road, Karen, Langata",4,4,230000
"Lavington, Dagoretti North",4,4,170000
" Runda, Westlands",5,3,350000
"Road, Karen, Langata",3,5,230000
"Kileleshwa, Dagoretti North",1,5,85000
"House, Dagoretti North",4,3,150000
"Lavington, Dagoretti North",3,3,150000
"Drive, Riverside, Westlands",5,3,261000
"Lavington, Dagoretti North",3,3,85000
"Lavington, Dagoretti North",5,6,315000
"Road, Karura, Westlands",4,2,120000
"Lavington, Dagoretti North",4,4,80000
 Kiambu Road,4,3,45000
" Runda, Westlands",4,3,300000
"Evergreen, Runda, Westlands",2,6,300000
" Runda, Westlands",2,2,260000
" Runda, Westlands",4,2,400000
"Lavington, Dagoretti North",5,5,200000
" Karen, Langata",5,4,120000
  Ridgeways,3,2,250000
"Kilimani, Dagoretti North",4,2,160000
" Brookside, Westlands",5,1,130000
"Lavington, Dagoretti North",4,5,90000
"Spring Valley, Westlands",3,5,250000
"Road, Parklands, Westlands",4,1,200000
"Road, Karen, Langata",3,4,80000
" Karen, Langata",4,4,200000
" Runda, Westlands",4,5,310000
"Drie, Karura, Westlands",4,3,180000
"Garden Estate, Ridgeways",4,3,200000
"Road, Karen, Langata",4,2,250000
"Lavington, Dagoretti North",4,5,190000
"Miotoni, Karen, Langata",4,4,280000
"North Muthaiga, Muthaiga",2,1,230000
"Lavington, Dagoretti North",4,2,200000
"Lane, Karen, Langata",4,5,80000
"Mall, Karen, Langata",5,4,280000
"Lavington, Dagoretti North",4,3,350000
"Lavington, Dagoretti North",4,3,190000
" Riverside, Westlands",2,2,180000
"Road, Dagoretti North",4,5,110000
"Lavington, Dagoretti North",2,4,300000
"Lavington, Dagoretti North",1,2,300000
  Ridgeways,5,2,45000
"Hurlingham, Dagoretti North",5,1,70000
"Lavington, Dagoretti North",2,4,400000
"Lavington, Dagoretti North",2,6,65000
"Clay City, Kasarani",4,5,40000
"Drive, Brookside, Westlands",3,3,135000
", Parklands, Westlands",3,1,156000
 Kiambu Road,5,2,150000
  Ridgeways,3,2,400000
"Homes, Kiambu Road",2,2,165000
"Meadows, Kiambu Road",5,2,150000
 Kiambu Road,4,3,150000
 Kiambu Road,4,3,110000
" Kangemi, Westlands",6,1,140000
"Lower Kabete, Westlands",3,2,280000
"Centre, Karen, Langata",4,8,250000
"Lavington, Dagoretti North",2,3,250000
"Westlands Area, Westlands",12,1,140000
"Kileleshwa, Dagoretti North",2,2,250000
 Kiambu Road,2,1,90000
"Westlands Area, Westlands",4,1,1217105
"Gardens, Runda, Westlands",4,6,250000
 Ngong Road,4,4,690000
"Road, Runda, Westlands",4,2,120000
"Kilimani, Dagoretti North",4,1,180000
"General Mathenge, Westlands",4,2,225000
", Kitisuru, Westlands",2,4,240000
" Loresho, Westlands",3,2,250000
" Karen, Langata",3,2,180000
" Kitisuru, Westlands",3,4,450000
" Loresho, Westlands",4,3,130000
" Nyari, Westlands",1,3,250000
"Road, Dagoretti North",4,2,50000
"Lavington, Dagoretti North",2,4,210000
"Lavington, Dagoretti North",5,2,160000
"Lavington, Dagoretti North",4,6,250000
"Lavington, Dagoretti North",1,3,280000
"Lavington, Dagoretti North",3,2,120000
"Hill View, Westlands",4,3,300000
"Westlands Area, Westlands",5,3,238550
"Road, Karen, Langata",5,5,350000
"Lavington, Dagoretti North",2,5,200000
"Lavington, Dagoretti North",4,2,200000
"Lower Kabete, Westlands",4,2,220000
" Southlands, Langata",6,4,100000
" Riverside, Westlands",1,1,270000
"Kileleshwa, Dagoretti North",4,1,120000
" Runda, Westlands",2,2,250000
"Kilimani, Dagoretti North",3,4,165000
"Lavington, Dagoretti North",1,5,150000
"Road, Karen, Langata",5,3,80000
"Avenue, Gigiri, Westlands",4,4,250000
" Riverside, Westlands",2,2,270000
"Lavington, Dagoretti North",3,2,130000
"Rhapta Road, Westlands",6,2,120000
"Rhapta Road, Westlands",4,3,220000
  Ridgeways,3,1,250000
"Road, Kitisuru, Westlands",5,2,300000
"Kileleshwa, Dagoretti North",4,4,260000
"Langata Area, Langata",4,3,90000
" Runda, Westlands",5,4,350000
"Garden Estate, Roysambu",4,3,140000
" Runda, Westlands",4,2,300000
"Road, Karen, Langata",2,3,90000
  Ridgeways,4,2,50000
"Westlands Area, Westlands",4,4,25000
"Rigde, Kitisuru, Westlands",4,4,220000
"Buruburu, Embakasi North",1,1,45000
"Westlands Area, Westlands",10,4,232500
" Runda, Westlands",3,1,600000
"Kilimani, Dagoretti North",1,2,170000
"Nairobi, Gigiri, Westlands",1,2,325000
"General Mathenge, Westlands",3,1,250000
"Kilimani, Dagoretti North",3,2,300000
" Kitisuru, Westlands",3,2,300000
 Kiambu Road,5,4,130000
 Kiambu Road,3,2,350000
" Thigiri, Westlands",1,2,300000
" Madaraka, Langata",4,4,40000
"Waiyaki Way, Westlands",4,4,120000
"Lower Kabete, Westlands",4,6,330000
"Road, Kitisuru, Westlands",4,3,250000
"Spring Valley, Westlands",3,4,1000000
"Langata Area, Langata",2,3,100000
 Kiambu Road,4,2,90000
" Nyari, Westlands",1,6,500000
", Kiambu Road",3,1,90000
"Ruaraka , Ruaraka",3,4,220000
"Lavington, Dagoretti North",3,2,110000
" Kyuna, Westlands",5,5,190000
"Road, Dagoretti North",2,1,180000
 Kiambu Road,3,1,150000
"Area, Embakasi North",3,4,370000
"Area, Embakasi North",3,2,1960000
", Mombasa Road",4,3,240000
"Spring Valley, Westlands",4,4,250000
", Mombasa Road",1,3,382500
 Mombasa Road,4,3,321480
 Mombasa Road,3,2,400000
", Mombasa Road",3,3,297528
"Kileleshwa, Dagoretti North",4,4,170000
"Spring Valley, Westlands",3,5,300000
"Westlands Area, Westlands",2,2,600000
 Kiambu Road,2,3,160000
 Kiambu Road,5,4,110000
"Crescent, Loresho, Westlands",5,5,210000
"Kileleshwa, Dagoretti North",3,3,65000
"General Mathenge, Westlands",3,3,185000
" Rosslyn, Westlands",5,4,300000
" Rosslyn, Westlands",3,4,350000
" Parklands, Westlands",4,5,676200
 Kiambu Road,2,5,90000
 Thika Road,2,3,175000
"Kilimani, Dagoretti North",3,2,387500
"Road, Mombasa Road",3,4,192000
" Kangemi, Westlands",3,3,100000
"Lavington, Dagoretti North",3,5,195000
"General Mathenge, Westlands",4,4,120000
"Rd, Karen, Langata",4,4,40000
"Lavington, Dagoretti North",2,5,400000
"Lower Kabete, Westlands",3,6,550000
" Karen, Langata",2,1,50000
"Drive, Riverside, Westlands",4,4,38000
" Parklands, Westlands",3,4,120000
"Arcade, Dagoretti North",3,2,100000
 Kiambu Road,3,4,110000
" Gigiri, Westlands",4,5,350000
" Riverside, Westlands",4,4,250000
", Riverside, Westlands",3,3,100000
 Ngong Road,5,6,165400
"Garden Estate, Roysambu",3,5,250000
"Lavington, Dagoretti North",3,2,280000
"Kileleshwa, Dagoretti North",3,3,160000
" Gigiri, Westlands",2,2,800000
" Nyari, Westlands",3,3,450000
"Parklands, Parklands, Westlands",5,4,250000
" Brookside, Westlands",3,4,150000
"Road, Rosslyn, Westlands",1,2,330000
" Madaraka, Langata",4,1,51000
"Lavington, Dagoretti North",3,3,600000
" Nyari, Westlands",4,3,75000
"South B, Langata",4,4,55000
"Arcade, Dagoretti North",4,4,140000
 Kiambu Road,4,5,165000
 Kiambu Road,3,2,165000
 Kiambu Road,1,2,150000
"Kilimani, Dagoretti North",1,2,220000
 Kiambu Road,2,4,90000
"Kileleshwa, Dagoretti North",4,2,150000
"Kileleshwa, Dagoretti North",5,2,200000
" Riverside, Westlands",4,4,140000
"Spring Valley, Westlands",4,3,135000
" Kitisuru, Westlands",4,6,220000
"Roysambu Area, Roysambu",2,3,17500
"Kilimani, Dagoretti North",4,3,220000
"Area, Embakasi North",6,2,350000
"Kilimani, Dagoretti North",3,2,150000
"Kilimani, Dagoretti North",3,6,225000
"Cabanas, Mombasa Road",2,5,210000
 Mombasa Road,2,4,300000
 Mombasa Road,1,2,1960200
 Kiambu Road,5,4,99000
"Bogani, Karen, Langata",3,4,45000
 Mombasa Road,1,5,388500
 Mombasa Road,1,1,300000
"Embakasi, Embakasi East",2,1,35000
 Mombasa Road,2,4,250000
"Kileleshwa, Dagoretti North",1,4,130
" Riverside, Westlands",1,4,350000
"Area, Embakasi North",2,3,254100
"Area, Embakasi North",2,1,484008
"Area, Embakasi North",3,4,297500
"Area, Embakasi North",3,1,389895
" Gigiri, Westlands",1,2,450000
"Ojijo, Parklands, Westlands",5,2,85000
"Kilimani, Dagoretti North",1,1,550000
"General Mathenge, Westlands",3,2,225000
"Park, Riverside, Westlands",4,1,283000
" Thigiri, Westlands",2,3,600000
  Ridgeways,3,1,140000
"South B, Langata",2,1,30500
" Runda, Westlands",4,1,180000
"Kahawa Sukari, Roysambu",4,2,23000
"Westlands Area, Westlands",4,2,100000
" Karen, Langata",5,2,25000
"Hurlingham, Dagoretti North",4,2,80000
"Pipeline, Embakasi South",4,6,254100
"Waiyaki Way, Westlands",5,5,456250
"Rivers, Runda, Westlands",3,5,100000
"North Muthaiga, Muthaiga",2,2,275000
" Riverside, Westlands",3,5,400000
"Kileleshwa, Dagoretti North",3,3,95000
"Kilimani, Dagoretti North",1,3,220000
" Runda, Westlands",3,1,450000
"Westlands Area, Westlands",5,5,240000
" Parklands, Westlands",2,1,180000
"Upper Hill, Langata",3,3,180000
"Lavington, Dagoretti North",2,4,120000
"Hurlingham, Dagoretti North",3,1,18700
"Lower Kabete, Westlands",5,2,450000
" Brookside, Westlands",5,5,300000
 Mombasa Road,8,2,240000
"Lavington, Dagoretti North",6,4,340000
"Road, Karen, Langata",5,1,350000
"Westlands Area, Westlands",3,4,95000
"Nairobi, Loresho, Westlands",3,2,160000
" Runda, Westlands",4,3,330000
"Waiyaki Way, Westlands",5,2,240000
"Area, Embakasi North",6,3,350000
"Area, Embakasi North",2,3,485814
 Mombasa Road,7,3,43
"Spring Valley, Westlands",2,4,240000
"Waiyaki Way, Westlands",4,3,276000
"Road, Karen, Langata",3,2,300000
" Brookside, Westlands",2,2,150000
"Kilimani, Dagoretti North",3,3,113120
" Runda, Westlands",3,2,110000
 Mombasa Road,2,1,262140
" Karen, Langata",2,3,100000
"Lavington, Dagoretti North",4,3,350000
"Kileleshwa, Dagoretti North",4,3,100000
"Road, Dagoretti North",3,3,13000
"Kileleshwa, Dagoretti North",3,3,150000
"Rd, Mombasa Road",3,4,96059
" Riverside, Westlands",3,2,170000
" Kyuna, Westlands",3,3,340000
" Kyuna, Westlands",1,5,200000
"Nairobi, Loresho, Westlands",5,6,65000
"Westlands Area, Westlands",3,3,70000
"Kilimani, Dagoretti North",4,3,140000
"Road, Karen, Langata",3,2,300000
"Lavington, Dagoretti North",2,3,330000
"Westlands Area, Westlands",2,4,220000
"Upper Hill, Langata",5,4,80000
"Spring Valley, Westlands",4,2,230000
"Area, Embakasi North",4,2,200000
"Lavington, Dagoretti North",2,3,250000
"Westlands Area, Westlands",2,3,200000
" Parklands, Westlands",4,3,105000
"Kilimani, Dagoretti North",4,4,130000
"Kilimani, Dagoretti North",1,3,130000
"Road, Karen, Langata",3,3,250000
"Westlands Area, Westlands",2,3,140000
"Kilimani, Dagoretti North",2,2,130000
" Parklands, Westlands",3,2,250000
" Riverside, Westlands",5,4,230000
 Kiambu Road,3,3,110000
"Junction, Kiambu Road",3,2,85000
 Ngong Road,2,2,27000
"Nairobi, Nyari, Westlands",4,2,400000
"Drive, Brookside, Westlands",3,4,150000
"Road, Mombasa Road",3,1,50000
"View, Karen, Langata",4,2,270000
"Upper Hill, Langata",2,2,90000
"Kilimani, Dagoretti North",3,3,88000
 Thika Road,3,1,85000
"Lavington, Dagoretti North",5,5,250000
"Road, Karen, Langata",4,4,200000
"Kilimani, Dagoretti North",3,3,75000
"Kilimani, Dagoretti North",1,3,100000
"Mimosa, Runda, Westlands",4,1,350000
"Kilimani, Dagoretti North",5,4,110000
"Runda, Runda, Westlands",3,3,3900000
"Karen, Karen, Langata",3,5,250000
"Westlands Area, Westlands",3,4,70000
" Karen, Langata",4,4,170000
 Mombasa Road,2,5,250000
"Kilimani, Dagoretti North",4,3,85000
"Arcade, Dagoretti North",3,3,80000
" Riverside, Westlands",4,4,150000
 Mombasa Road,4,4,150000
"Area, Embakasi North",2,3,250000
"Kilimani, Dagoretti North",5,4,100000
"Westlands Area, Westlands",5,3,210000
" Karen, Langata",5,2,160000
"Kiambu Road, Ridgeways",4,4,135000
"Kileleshwa, Dagoretti North",1,3,500000
"Westlands Area, Westlands",5,4,105000
"Bogani, Karen, Langata",3,4,220000
"Lavington, Dagoretti North",5,3,105000
" Parklands, Westlands",2,2,110000
" Riverside, Westlands",2,3,140000
" Parklands, Westlands",3,3,350000
 Mombasa Road,4,6,40820
"Rhapta Road, Westlands",4,6,120000
"Kileleshwa, Dagoretti North",4,2,180000
"Spring Valley, Westlands",4,2,200000
", Karen, Langata",5,3,80000
 Mombasa Road,3,2,200000
"Kileleshwa, Dagoretti North",4,2,130000
"Lavington, Dagoretti North",5,3,250000
"Area, Embakasi North",3,4,247500
"Kilimani, Dagoretti North",3,5,110000
 Mombasa Road,5,3,819000
 Thika Road,4,4,35000
"Lavington, Dagoretti North",4,5,100000
"Drive, Parklands, Westlands",3,2,101000
"Westlands Area, Westlands",4,3,75000
"Waiyaki Way, Westlands",1,4,95000
 Kiambu Road,4,2,90000
"Lavington, Dagoretti North",4,4,350000
"Westlands Area, Westlands",2,2,250000
"Kilimani, Dagoretti North",2,3,110000
"Lavington, Dagoretti North",3,3,350000
"Kileleshwa, Dagoretti North",3,2,100000
"Lavington, Dagoretti North",1,2,500000
"Lavington, Dagoretti North",3,2,160000
", Kitisuru, Westlands",5,2,150000
" Kitisuru, Westlands",2,2,250000
"Road, Nyari, Westlands",2,1,250000
" Parklands, Westlands",3,3,92000
 Mombasa Road,6,4,750000
"Nairobi Central, Starehe",4,4,40000
"Lavington, Dagoretti North",3,3,95000
"Lavington, Dagoretti North",3,2,300000
"Kilimani, Dagoretti North",4,4,65000
"Road, Karen, Langata",5,4,55000
"Lavington, Dagoretti North",4,4,300000
" Riverside, Westlands",2,4,90000
"Corner, Dagoretti South",2,5,75000
"Muthaiga Area, Muthaiga",5,2,600000
 Mombasa Road,3,3,270000
"Lavington, Dagoretti North",3,4,400000
"Kiambu Road, Ridgeways",3,2,350000
" Gigiri, Westlands",2,2,450000
"Westlands Area, Westlands",3,2,537370
"Avenue, Parklands, Westlands",4,1,70000
"Kilimani, Dagoretti North",2,3,60000
"Westlands, Nyari, Westlands",4,6,400000
"Westlands Area, Westlands",2,4,83300
"Westlands Area, Westlands",4,4,60000
"Garden Estate, Roysambu",4,2,175000
"Kilimani, Dagoretti North",4,2,200000
"Karume, Cbd, Starehe",5,4,30000
"Kilimani, Dagoretti North",3,3,216000
"Garden Estate, Roysambu",2,4,90000
" Parklands, Westlands",4,5,55000
"Drive, Ngong Road",2,2,350000
"General Mathenge, Westlands",5,3,400000
" Kitisuru, Westlands",3,3,300000
"Road, Karen, Langata",4,3,200000
"Mega, Cbd, Starehe",4,3,43000
"Langata Area, Langata",5,3,75000
" Brookside, Westlands",1,3,170000
", Parklands, Westlands",3,3,140000
"Waiyaki Way, Westlands",4,3,170000
"Lane, Karen, Langata",2,1,180000
"Road, Karen, Langata",4,1,187500
"Lavington, Dagoretti North",5,2,250000
"Daima, Embakasi South",3,2,60000
" Cbd, Starehe",2,5,120000
"Road, Dagoretti North",2,3,25000
", Parklands, Westlands",3,3,100
"Lavington, Dagoretti North",4,1,230000
 Ngong Road,2,3,35000
"Kilimani, Dagoretti North",5,4,120000
" Karen, Langata",3,4,20000
", Karen, Langata",4,2,40000
"Westlands Area, Westlands",4,2,100000
"Roysambu Area, Roysambu",3,4,18500
"Drive, Kitisuru, Westlands",3,2,1000000
 Mombasa Road,4,3,55
 Mombasa Road,5,4,118800
"Kileleshwa, Dagoretti North",2,1,60000
"Upper Hill, Langata",3,5,1800
"Dogo Road, Ruaraka",5,5,520000
"Road, Parklands, Westlands",4,3,20000
"Kilimani, Dagoretti North",4,6,70000
"Kilimani, Dagoretti North",5,5,150000
"Westlands Area, Westlands",1,5,40000
 Ngong Road,2,2,75000
"Waiyaki Way, Westlands",4,4,345633
"Westlands, Kitisuru, Westlands",5,2,64524
"Kilimani, Dagoretti North",1,6,210600
" Karen, Langata",4,2,18000
"Bank, Cbd, Starehe",4,4,22000
"Area, Embakasi North",4,1,46400
"Westlands Area, Westlands",4,2,44000
"Area, Embakasi North",4,8,323000
"Kilimani, Dagoretti North",4,2,38855
"Area, Embakasi North",2,2,23200
"Riruta, Dagoretti South",3,2,28500
 Kiambu Road,2,5,50000
"City, Thika Road",4,3,155000
"Kileleshwa, Dagoretti North",5,2,140000
"Road, Karen, Langata",2,3,20000
"Rd, Mombasa Road",2,4,127646
"Lavington, Dagoretti North",4,2,230000
"44, Githurai, Roysambu",5,5,7500
"Lower Kabete, Westlands",3,4,13500
"General Mathenge, Westlands",4,4,100000
"Nairobi, Nyari, Westlands",3,2,370000
"Rd, Mombasa Road",4,5,136416
"Westlands Area, Westlands",6,1,10000
"Kilimani, Dagoretti North",3,4,100000
"South B, Langata",2,5,20000
"Kilimani, Dagoretti North",2,5,110000
 Kiambu Road,3,5,155000
"Lavington, Dagoretti North",1,3,220000
"General Mathenge, Westlands",1,3,160000
 Mombasa Road,3,3,215500
  Ruaraka,1,3,201782
"Lavington, Dagoretti North",4,6,750000
  Ruaraka,5,4,215760
"Lavington, Dagoretti North",7,4,70000
" Kitisuru, Westlands",4,5,450000
"Lavington, Dagoretti North",4,6,330000
"Westlands Area, Westlands",5,3,110000
"Kileleshwa, Dagoretti North",2,1,70000
"Kileleshwa, Dagoretti North",2,3,65000
"Kilimani, Dagoretti North",4,5,80000
"Kilimani, Dagoretti North",1,2,42000
"Lavington, Dagoretti North",1,3,150000
  Ruaraka,2,2,1950000
 Mombasa Road,2,4,120000
" Runda, Westlands",3,5,250000
" Riverside, Westlands",3,3,105000
"Kileleshwa, Dagoretti North",2,3,85000
"Kilimani, Dagoretti North",2,5,55000
"Kilimani, Dagoretti North",2,3,180000
"Area, Embakasi North",3,4,210000
" Kyuna, Westlands",4,2,200000
" Kitisuru, Westlands",1,3,350000
"Hillcrest, Karen, Langata",2,4,460000
"Lane, Karen, Langata",6,6,270000
" Riverside, Westlands",2,5,270000
"Gardens, Brookside, Westlands",2,4,250000
" Riverside, Westlands",2,3,150000
" Riverside, Westlands",1,3,270000
"Lower Kabete, Westlands",5,3,280000
" Karen, Langata",1,4,350000
" Loresho, Westlands",3,2,60000
"Lavington, Dagoretti North",4,5,380000
"Roysambu Area, Roysambu",4,3,25000
" Brookside, Westlands",3,5,250000
"Area, Embakasi North",3,3,300000
"Upper Hill, Langata",1,4,250000
"Area, Embakasi North",3,2,381711
"Drive, Thika Road",3,7,25000
" Ngara, Starehe",2,3,187500
"Westlands, Kitisuru, Westlands",3,5,325042
 Kiambu Road,4,5,76000
"Kilimani, Dagoretti North",3,4,334730
"Upper Hill, Langata",2,2,150000
"Kilimani, Dagoretti North",2,8,135000
"Kahawa Sukari, Roysambu",4,3,19000
"Road, Parklands, Westlands",4,2,85
"Westlands Area, Westlands",2,6,210000
"Nairobi, Loresho, Westlands",2,2,130000
" Karen, Langata",4,4,140000
"Kilimani, Dagoretti North",5,5,120000
"Kilimani, Dagoretti North",3,5,120000
"Lavington, Dagoretti North",2,4,85000
"Kileleshwa, Dagoretti North",3,2,85000
"Kilimani, Dagoretti North",3,2,100000
"Kilimani, Dagoretti North",5,4,55000
"Lavington, Dagoretti North",4,3,350000
" Karen, Langata",2,3,100000
" Parklands, Westlands",2,4,270000
"Westlands Area, Westlands",4,5,75000
"Kilimani, Dagoretti North",1,1,70000
"Kilimani, Dagoretti North",1,6,65000
"Mimosa, Runda, Westlands",2,7,350000
 Kiambu Road,4,5,120000
 Mombasa Road,2,6,35000
" Karen, Langata",4,4,80000
" Riverside, Westlands",3,5,100000
" Karen, Langata",3,4,160000
"Estate, Riverside, Westlands",4,5,265000
 Kiambu Road,2,4,170000
" Riverside, Westlands",2,5,84000
"Rhapta Road, Westlands",2,3,110000
"Kilimani, Dagoretti North",4,4,70000
"Kileleshwa, Dagoretti North",2,6,140000
"Lavington, Dagoretti North",4,4,130000
" Nyari, Westlands",2,5,240000
" Runda, Westlands",4,1,110000
"Waiyaki Way, Westlands",3,4,140000
"Kileleshwa, Dagoretti North",2,2,60000
"Road, Dagoretti North",3,5,150000
"Lavington, Dagoretti North",2,6,85000
"Kilimani, Dagoretti North",3,6,100000
" Riverside, Westlands",3,2,160000
"Waiyaki Way, Westlands",3,2,120000
"Kilimani, Dagoretti North",1,1,90000
"Westlands Area, Westlands",4,2,130000
"North, Kiambu Road",1,1,200000
" Karen, Langata",3,4,290000
 Kiambu Road,2,2,65000
"Kilimani, Dagoretti North",1,2,42000
"Mumwe, Runda, Westlands",4,3,280000
"Lavington, Dagoretti North",3,4,250000
", Karen, Langata",3,4,85000
"Lavington, Dagoretti North",2,2,70000
"Lavington, Dagoretti North",4,5,100000
" Parklands, Westlands",4,5,100000
"Road, Karen, Langata",4,3,42000
"Mathenge, Kitisuru, Westlands",4,3,180000
"Old Muthaiga, Muthaiga",2,4,230000
"Lavington, Dagoretti North",5,3,250000
"Ridge, Kitisuru, Westlands",2,3,150000
"Kilimani, Dagoretti North",3,3,70000
"North, Kiambu Road",6,5,180000
" Karen, Langata",3,5,400000
"Kilimani, Dagoretti North",3,2,305660
"North, Runda, Westlands",5,2,200000
" Runda, Westlands",1,2,250000
"Road, Dagoretti North",3,2,45000
"Drive, Gigiri, Westlands",4,1,400000
"Lavington, Dagoretti North",3,2,80000
", Karen, Langata",4,4,550000
"Kilimani, Dagoretti North",4,3,190000
" Riverside, Westlands",2,4,75000
"Lavington, Dagoretti North",3,2,150000
" Parklands, Westlands",3,1,300000
"Westlands Area, Westlands",4,2,115000
", Runda, Westlands",4,2,225000
"Old Muthaiga, Muthaiga",5,4,350000
" Kitisuru, Westlands",6,3,450000
"Sabuk, Kitisuru, Westlands",4,2,150000
"Lavington, Dagoretti North",2,4,200000
"Lavington, Dagoretti North",2,2,280000
"Mountain View, Westlands",5,1,200000
"Westlands Area, Westlands",2,4,100000
" Runda, Westlands",2,2,400000
" Karen, Langata",4,1,140000
" Runda, Westlands",4,2,200000
"Kileleshwa, Dagoretti North",2,2,130000
"Kilimani, Dagoretti North",4,2,140000
"Drive, Riverside, Westlands",5,5,90000
"Mathenge, Kitisuru, Westlands",5,5,140000
"Lane, Karen, Langata",6,2,170000
"Kilimani, Dagoretti North",1,1,85000
"Lavington, Dagoretti North",2,2,85000
"Kilimani, Dagoretti North",2,2,120000
" Riverside, Westlands",4,3,230000
"Spring Valley, Westlands",3,2,300000
"House, Dagoretti North",3,5,150000
" Parklands, Westlands",3,5,110000
"General Mathenge, Westlands",3,2,150000
"Drive, Nyari, Westlands",1,3,160000
" Riverside, Westlands",5,3,250000
"Lavington, Dagoretti North",5,6,120000
" Runda, Westlands",5,2,350000
"Mathenge, Parklands, Westlands",2,5,150000
"Lavington, Dagoretti North",2,2,400000
"Kilimani, Dagoretti North",1,4,95000
"Lavington, Dagoretti North",4,1,120000
"Upper Hill, Langata",4,3,134700
"Dr, Runda, Westlands",3,3,350000
" Gigiri, Westlands",3,5,200000
" Karen, Langata",4,3,200000
"Kileleshwa, Dagoretti North",4,5,95000
"Mountain View, Westlands",3,3,90000
"Drive, Runda, Westlands",4,4,300000
"Old Muthaiga, Muthaiga",4,2,90000
"Westlands Area, Westlands",4,4,200000
"Lavington, Dagoretti North",4,2,90000
"Kilimani, Dagoretti North",5,6,65000
" Riverside, Westlands",3,2,80000
"Lavington, Dagoretti North",3,3,350000
"Kileleshwa, Dagoretti North",2,6,155000
" Riverside, Westlands",3,2,350000
"Upper Hill, Langata",2,2,289000
"Arcade, Dagoretti North",4,7,85000
"Westlands Area, Westlands",4,2,110000
"Lavington, Dagoretti North",4,3,370000
" Riverside, Westlands",3,2,200000
"Muthaiga Area, Muthaiga",3,3,220000
"Kilimani, Dagoretti North",4,4,100000
"Kileleshwa, Dagoretti North",5,3,8500000
"Westlands Area, Westlands",1,2,350000
"Road, Parklands, Westlands",4,3,110000
"Lavington, Dagoretti North",4,6,320000
"General Mathenge, Westlands",5,4,150000
"Lavington, Dagoretti North",5,5,180000
"Drive, Runda, Westlands",3,4,130000
"Muthaiga Area, Muthaiga",3,4,230000
"Lavington, Dagoretti North",3,4,100000
" Riverside, Westlands",4,3,280000
"Kilimani, Dagoretti North",4,1,140000
"Lavington, Dagoretti North",4,6,150000
"Westlands Area, Westlands",4,2,160000
"Kileleshwa, Dagoretti North",5,2,450000
"Lavington, Dagoretti North",2,5,210000
"Kileleshwa, Dagoretti North",5,3,450000
"Drive, Karen, Langata",3,2,350000
", Brookside, Westlands",4,3,150000
" Karen, Langata",3,1,75000
"General Mathenge, Westlands",4,1,165000
" Parklands, Westlands",5,4,80000
" Runda, Westlands",1,2,300000
"Westlands Area, Westlands",4,8,180000
" Karen, Langata",4,3,230000
"Pritt, Dagoretti North",3,3,160000
"Drive, Riverside, Westlands",9,2,340000
 Kiambu Road,4,3,100000
" Parklands, Westlands",4,4,170000
"Westlands Area, Westlands",4,2,90000
"Lavington, Dagoretti North",1,3,70000
"Lavington, Dagoretti North",3,6,380000
"Waiyaki Way, Westlands",3,5,260000
"Kileleshwa, Dagoretti North",7,4,75000
"Area, Embakasi North",4,4,378000
"General Mathenge, Westlands",2,2,400000
"Rhapta Road, Westlands",3,5,150000
"Area, Embakasi North",2,8,250000
" Runda, Westlands",3,4,300000
"Lavington, Dagoretti North",4,5,250000
"Kileleshwa, Dagoretti North",4,1,80000
"Rd, Karen, Langata",4,4,50000
"Runda, Runda, Westlands",2,2,400000
"Grove, Runda, Westlands",1,4,850000
"Kilimani, Dagoretti North",4,3,55000
"Junction, Kiambu Road",2,4,150000
" Loresho, Westlands",3,5,170000
"Park, Mombasa Road",6,4,30
", Kitisuru, Westlands",4,5,150000
"Westlands Area, Westlands",5,6,156000
"Upper Hill, Langata",6,2,405000
"Kileleshwa, Dagoretti North",3,4,125000
"Old Muthaiga, Muthaiga",5,2,600000
"Lavington, Dagoretti North",3,5,230000
"Lower Kabete, Westlands",4,6,75000
" Loresho, Westlands",3,2,65000
"Kilimani, Dagoretti North",2,5,260000
"Avenue, Parklands, Westlands",4,5,150000
"Grove, Loresho, Westlands",4,6,450000
"New Kitusuru, Westlands",5,3,95000
", Kitisuru, Westlands",4,4,60000
"General Mathenge, Westlands",2,6,300000
"Lavington, Dagoretti North",4,6,200000
"Westlands Area, Westlands",5,3,90000
", Riverside, Westlands",3,1,90000
"Way, Madaraka, Langata",5,6,110000
"Kilimani, Dagoretti North",4,4,100000
 Mombasa Road,4,4,55
"Avenue, Thome, Roysambu",2,7,120000
" Brookside, Westlands",3,5,180000
" Karen, Langata",4,2,90000
" Parklands, Westlands",4,5,60000
" Loresho, Westlands",2,4,65000
"Waiyaki Way, Westlands",1,4,80000
"Area, Embakasi North",4,1,70
" Runda, Westlands",3,5,150000
" Riverside, Westlands",4,2,80000
"Kilimani, Dagoretti North",3,5,80000
"Westlands Area, Westlands",2,1,670000
" Runda, Westlands",3,4,120000
" Parklands, Westlands",1,3,100000
 Mombasa Road,3,1,323000
 Mombasa Road,7,4,322825
 Mombasa Road,1,4,421800
"Kilimani, Dagoretti North",1,3,300000
"Upper Hill, Langata",2,3,122800
" Rosslyn, Westlands",4,3,400000
"Upper Hill, Langata",1,4,120
"Westlands Area, Westlands",4,1,780000
"Waiyaki Way, Westlands",3,3,696000
  Ridgeways,2,3,300000
 Mombasa Road,1,2,35
 Mombasa Road,2,4,33
" Runda, Westlands",1,2,200000
"General Mathenge, Westlands",4,3,450000
"Roysambu Area, Roysambu",3,3,25000
"Kilimani, Dagoretti North",2,2,240000
 Mombasa Road,6,4,75
"Group, Mombasa Road",4,4,210000
"Westlands Area, Westlands",5,4,120
" Nyari, Westlands",3,1,299000
", Mombasa Road",5,2,231000
"Old Muthaiga, Muthaiga",1,5,140000
"Area, Embakasi North",4,5,38
"Roysambu Area, Roysambu",3,2,18000
", Mombasa Road",2,5,73500
"Road, Dagoretti North",3,3,50000
"Kilimani, Dagoretti North",1,3,70000
"Kilimani, Dagoretti North",5,7,130000
"Old Muthaiga, Muthaiga",1,2,380000
 Mombasa Road,3,2,45
"Road, Parklands, Westlands",3,3,70
"Estate, Kiambu Road",2,4,50000
"Daima, Embakasi South",2,2,25
"Road, Dagoretti North",2,2,33000
"Nairobi West, Langata",5,3,24000
"Roysambu Area, Roysambu",3,2,25000
"Kilimani, Dagoretti North",4,4,250000
"Westlands Area, Westlands",3,2,195000
 Ngong Road,4,1,95000
"Kilimani, Dagoretti North",2,2,110000
"Westlands Area, Westlands",3,1,700000
"Area, Embakasi North",2,2,517950
"Lavington, Dagoretti North",3,2,65000
"Lane, Gigiri, Westlands",3,3,500000
"Hurlingham, Dagoretti North",3,2,288810
"Garden Estate, Roysambu",3,2,35000
"Embakasi, Embakasi East",4,3,276000
 Mombasa Road,3,2,43
"Area, Embakasi North",3,4,76500
"Westlands Area, Westlands",2,2,130000
"Corner, Dagoretti South",4,3,25000
"Lavington, Dagoretti North",2,2,100000
"Kilimani, Dagoretti North",1,2,50000
"Embakasi, Embakasi East",3,2,276000
"Muthaiga Area, Muthaiga",3,3,612000
"Kileleshwa, Dagoretti North",2,1,115000
 Mombasa Road,3,4,55000
"Kilimani, Dagoretti North",3,2,120000
" Runda, Westlands",4,2,300000
" Riverside, Westlands",3,3,110000
", Mombasa Road",4,4,258500
 Mombasa Road,1,2,270200
 Mombasa Road,1,4,388500
"South B, Langata",2,5,55000
"Street, Cbd, Starehe",3,3,210000
"Area, Embakasi North",5,4,418000
"Area, Embakasi North",5,3,294400
"Area, Embakasi North",2,3,356900
"Lavington, Dagoretti North",3,3,75000
"Avenue, Parklands, Westlands",3,3,300000
"Kilimani, Dagoretti North",3,2,110000
"Kilimani, Dagoretti North",3,4,60000
"Area, Embakasi North",2,2,110500
"Kilimani, Dagoretti North",3,4,80000
"Kilimani, Dagoretti North",4,6,110000
"Area, Embakasi North",4,2,262500
 Mombasa Road,4,2,180960
"Area, Embakasi North",2,3,165000
"Area, Embakasi North",3,4,193445
" Nyari, Westlands",2,3,380000
"Area, Embakasi North",3,3,249000
"Area, Embakasi North",3,1,250000
"Rd, Mombasa Road",3,2,181500
"Kileleshwa, Dagoretti North",3,2,190000
"Area, Embakasi North",3,2,200000
"Road, Kitisuru, Westlands",1,3,280000
"Westlands Area, Westlands",2,1,250000
 Kiambu Road,4,3,135000
 Mombasa Road,2,1,201120
"Area, Embakasi North",3,2,205200
 Mombasa Road,3,1,277560
"Kilimani, Dagoretti North",3,3,110000
" Brookside, Westlands",3,1,120000
 Mombasa Road,2,2,200130
 Mombasa Road,3,4,165000
"Mountain View, Westlands",4,3,145000
"Area, Embakasi North",1,3,200000
" Karen, Langata",3,3,300000
"Area, Embakasi North",3,1,165000
"Kilimani, Dagoretti North",3,2,250000
 Mombasa Road,1,5,157200
"Arcade, Dagoretti North",4,4,80000
"Waiyaki Way, Westlands",3,5,144950
"Kilimani, Dagoretti North",2,4,160000
 Mombasa Road,2,4,155280
"Area, Embakasi North",2,4,189100
"Drive, Riverside, Westlands",4,4,80000
"Lavington, Dagoretti North",1,5,130000
"Road, Dagoretti North",1,5,115000
"Road, Karen, Langata",3,7,360000
"Nairobi, Runda, Westlands",3,2,250000
"Drive, Brookside, Westlands",2,4,200000
 Mombasa Road,5,5,43
"Drive, Riverside, Westlands",4,3,100000
"Drive, Runda, Westlands",2,3,285000
"Rd, Mombasa Road",3,5,93136
"Drive, Brookside, Westlands",5,5,130000
"00, Nyari, Westlands",4,2,90000
 Thika Road,4,3,40000
"Spring Valley, Westlands",3,1,230000
"Drive, Brookside, Westlands",5,4,150000
"Kileleshwa, Dagoretti North",1,3,320000
"Parc, Mombasa Road",2,2,166413
"Kileleshwa, Dagoretti North",3,5,155000
"Drive, Riverside, Westlands",3,5,200000
 Kiambu Road,3,2,150000
"Westlands Area, Westlands",4,5,210000
"Kilimani, Dagoretti North",3,4,170000
"Waiyaki Way, Westlands",4,1,160000
"Lavington, Dagoretti North",3,2,240000
"Road, Dagoretti North",4,5,13000
"Westlands Area, Westlands",4,4,90000
"Kilimani, Dagoretti North",3,3,300000
"Westlands Area, Westlands",2,3,160000
"Kilimani, Dagoretti North",3,3,16000
"Avenue, Parklands, Westlands",2,4,140000
"Lavington, Dagoretti North",3,4,90000
"Kileleshwa, Dagoretti North",5,4,170000
" Riverside, Westlands",3,2,250000
"Kilimani, Dagoretti North",3,2,100000
"Westlands Area, Westlands",2,3,120000
"Westlands Area, Westlands",4,5,110000
"Kilimani, Dagoretti North",4,6,80000
"Westlands Area, Westlands",4,2,120000
"Apartments, Thika Road",5,3,85000
" Runda, Westlands",3,3,125000
"Area, Embakasi North",2,4,169750
"Area, Embakasi North",4,5,238000
"Hurlingham, Dagoretti North",2,3,150000
"Road, Mombasa Road",2,4,65
 Mombasa Road,3,4,200000
"Arcade, Dagoretti North",3,3,85000
"Carbunus, Mombasa Road",5,5,70
"Kilimani, Dagoretti North",4,2,80000
 Mombasa Road,3,4,180000
"Avenue, Ngong Road",3,6,400000
"Road, Karen, Langata",5,2,199200
"Upper Hill, Langata",4,3,100000
"Group, Mombasa Road",2,2,180000
"Area, Embakasi North",3,2,262650
"Hurlingham, Dagoretti North",4,3,78856
"Garden Estate, Roysambu",3,3,43000
"Road, Dagoretti North",3,3,13000
"Road, Kitisuru, Westlands",3,4,39863
"Area, Embakasi North",2,2,388500
"Westlands, Kitisuru, Westlands",4,6,9967
"Embakasi, Embakasi East",4,3,277500
" Jamhuri, Ngong",2,3,20000
"66217, Kitisuru, Westlands",2,6,9967
"Westlands Area, Westlands",3,6,137500
"Kilimani, Dagoretti North",2,5,73088
"Kilimani, Dagoretti North",2,5,22750
"Westlands Area, Westlands",2,3,150000
"Road, Mombasa Road",3,3,278400
", Karen, Langata",1,5,40000
"Isk, Kitisuru, Westlands",3,4,200000
"Kilimani, Dagoretti North",3,7,120000
 Mombasa Road,4,5,51000
" Riverside, Westlands",3,5,150000
"Kileleshwa, Dagoretti North",3,3,80000
 Kiambu Road,2,5,250000
"Westlands Area, Westlands",4,5,160000
"Lavington, Dagoretti North",3,2,190000
"Lavington, Dagoretti North",4,5,300000
"Kilimani, Dagoretti North",4,2,65000
"Peponi, Kitisuru, Westlands",4,3,300000
"Lavington, Dagoretti North",3,5,100000
"Kilimani, Dagoretti North",3,2,90000
" Kitisuru, Westlands",3,5,300000
"Lavington, Dagoretti North",2,3,130000
"Kilimani, Dagoretti North",3,5,90000
"Lavington, Dagoretti North",2,5,300000
"Hurlingham, Dagoretti North",2,4,40000
" Pangani, Starehe",3,4,80000
" Runda, Westlands",2,3,380000
"Kilimani, Dagoretti North",4,6,90000
 Kiambu Road,4,3,150000
"Hill View, Westlands",3,2,270000
"Kileleshwa, Dagoretti North",3,6,80000
"Kileleshwa, Dagoretti North",3,4,90000
"Kileleshwa, Dagoretti North",2,5,90000
"Ridgew, Kitisuru, Westlands",4,2,230000
"Kileleshwa, Dagoretti North",3,2,110000
"Muthangari, Riverside, Westlands",3,4,200000
" Runda, Westlands",4,3,300000
"Hill View, Westlands",3,4,350000
"Lavington, Dagoretti North",3,2,210000
"Kilimani, Dagoretti North",3,3,130000
"Road, Dagoretti North",3,1,42000
"Lavington, Dagoretti North",2,5,380000
"Westlands Area, Westlands",3,3,150000
"Kiambu Road, Ridgeways",3,1,50000
"Garden Estate, Ridgeways",3,2,220000
  Ridgeways,3,5,250000
"House, Dagoretti North",4,3,95000
"Lavington, Dagoretti North",3,5,190000
" Kitisuru, Westlands",3,3,250000
" Karen, Langata",1,4,350000
" Kitisuru, Westlands",1,2,300000
"House, Dagoretti North",2,5,75000
"Kileleshwa, Dagoretti North",1,5,160000
"Westlands Area, Westlands",4,7,417118
"Lavington, Dagoretti North",3,1,125000
" Kitisuru, Westlands",4,5,300000
" Gigiri, Westlands",3,5,1500000
"Kileleshwa, Dagoretti North",1,8,75000
"Kileleshwa, Dagoretti North",4,2,90000
"Kileleshwa, Dagoretti North",4,5,200000
" Riverside, Westlands",3,5,230000
"Westlands Area, Westlands",3,5,110000
", Mombasa Road",2,4,798000
"Area, Embakasi North",3,4,250000
"Area, Embakasi North",2,5,200000
" Nyari, Westlands",2,6,250000
 Mombasa Road,3,1,310960
"Lavington, Dagoretti North",4,3,230000
" Nyari, Westlands",3,5,400000
"Road, Karen, Langata",4,5,45000
" Brookside, Westlands",5,3,75000
" Riverside, Westlands",5,4,75000
"Lavington, Dagoretti North",3,3,260000
 Kiambu Road,5,6,85000
"Lavington, Dagoretti North",5,3,130000
"Kilimani, Dagoretti North",4,3,160000
  Ridgeways,3,6,250000
  Ridgeways,5,6,250000
 Kiambu Road,3,4,50000
 Kiambu Road,2,3,110000
 Mombasa Road,3,2,131250
 Kiambu Road,3,6,150000
"General Mathenge, Westlands",4,5,220000
" Karen, Langata",6,3,280000
"Kileleshwa, Dagoretti North",2,3,200000
"Kilimani, Dagoretti North",4,5,75000
"Area, Embakasi North",1,5,270000
"Area, Embakasi North",3,4,270000
"General Mathenge, Westlands",2,5,250000
"Kilimani, Dagoretti North",5,5,80000
"Kilimani, Dagoretti North",2,3,180000
" Runda, Westlands",3,1,110000
"Lavington, Dagoretti North",3,2,155000
" Brookside, Westlands",5,3,180000
" Thigiri, Westlands",2,1,250000
"Kilimani, Dagoretti North",3,2,180000
"Lavington, Dagoretti North",3,3,80000
"Kilimani, Dagoretti North",2,1,250000
" Runda, Westlands",2,3,350000
"Kileleshwa, Dagoretti North",5,5,70000
  Ridgeways,2,4,200000
"Westlands Area, Westlands",2,4,240000
" Runda, Westlands",4,2,450000
"Westlands Area, Westlands",4,6,140000
" Runda, Westlands",1,5,450000
" Runda, Westlands",4,3,250000
 Kiambu Road,4,3,230000
"Arcade, Dagoretti North",3,4,90000
"Lavington, Dagoretti North",2,1,80000
"Lavington, Dagoretti North",5,4,90000
"Kilimani, Dagoretti North",3,2,230000
 Mombasa Road,3,3,273600
 Kiambu Road,4,4,110000
" Riverside, Westlands",4,2,100000
"Rd, Parklands, Westlands",5,4,120000
"Lavington, Dagoretti North",4,3,250000
" Loresho, Westlands",5,2,300000
"Kilimani, Dagoretti North",4,2,95000
 Mombasa Road,3,4,407000
" Gigiri, Westlands",5,2,450000
"Spring Valley, Westlands",3,2,130000
"Westlands Area, Westlands",4,3,150000
"Kilimani, Dagoretti North",4,1,75000
 Mombasa Road,3,3,240000
"Pipeline, Embakasi South",5,1,2700000
"Drive, Nyari, Westlands",3,6,350000
" Karen, Langata",4,4,15000
" Nyari, Westlands",2,2,400000
"Area, Embakasi North",4,2,1000000
  Ridgeways,5,6,40000
 Kiambu Road,2,1,165000
" Kitisuru, Westlands",3,3,300000
"Kileleshwa, Dagoretti North",3,3,130000
" Parklands, Westlands",2,6,350000
"Nairobi West, Langata",4,3,150000
 Mombasa Road,3,1,800000
" Karen, Langata",3,3,290000
"Lower Kabete, Westlands",4,5,160000
"Upper Hill, Langata",4,3,70000
 Mombasa Road,2,5,220000
"Area, Embakasi North",3,2,350000
 Mombasa Road,2,4,276000
"Kileleshwa, Dagoretti North",5,2,150000
 Mombasa Road,3,6,231000
"Road, Parklands, Westlands",4,3,225000
", Mombasa Road",2,2,82810
"Embakasi, Embakasi East",4,3,232200
"Upperhill, Kitisuru, Westlands",4,5,433
"Area, Embakasi North",5,5,200000
 Kiambu Road,5,5,85000
", Mombasa Road",5,6,117040
"Lavington, Dagoretti North",3,1,170000
 Mombasa Road,4,2,156000
"Area, Embakasi North",3,2,340000
"Muthaiga Area, Muthaiga",2,4,163
"Area, Embakasi North",3,1,40
 Mombasa Road,4,4,277560
" Karen, Langata",2,1,300000
", Mombasa Road",4,3,110040
"Kilimani, Dagoretti North",2,3,203928
" Karen, Langata",4,3,75000
"Waiyaki Way, Westlands",5,2,100000
"Road, Parklands, Westlands",4,2,110
"Street, Cbd, Starehe",3,1,288700
"Mountain View, Westlands",4,1,145000
"Waiyaki Way, Westlands",2,1,78000
"Kileleshwa, Dagoretti North",4,5,250000
"Arcade, Dagoretti North",5,6,150000
"Kileleshwa, Dagoretti North",2,1,325000
"Kileleshwa, Dagoretti North",4,8,160000
 Mombasa Road,4,8,93300
  Ridgeways,4,4,28000
" Rosslyn, Westlands",4,1,250000
"Langata Area, Langata",3,4,34000
"Area, Embakasi North",3,3,1000000
"Towers, Mombasa Road",7,6,80220
"Kilimani, Dagoretti North",4,2,150000
"Spring Valley, Westlands",3,4,350000
"Lake View, Westlands",5,4,550000
" Runda, Westlands",3,4,300000
" Thigiri, Westlands",2,1,350000
"Garden Estate, Roysambu",4,7,55000
" Loresho, Westlands",4,4,250000
"Westlands Area, Westlands",5,4,95000
", Mombasa Road",4,2,798000
" Loresho, Westlands",2,3,250000
"South B, Langata",3,2,60000
" Parklands, Westlands",4,2,135000
"Area, Embakasi North",4,4,389895
 Mombasa Road,3,4,800000
"Kileleshwa, Dagoretti North",5,2,150000
"Westlands Area, Westlands",5,2,330000
"Area, Embakasi North",1,2,381711
"Area, Embakasi North",5,5,350000
"Dogo Road, Ruaraka",3,2,525000
"Pipeline, Embakasi South",5,3,232200
"Baraka/Nyayo, Embakasi East",4,4,280000
"Old Muthaiga, Muthaiga",3,1,350000
" Brookside, Westlands",5,4,368000
" Gigiri, Westlands",4,2,450000
 Mombasa Road,4,4,294400
 Mombasa Road,3,8,323000
"Dr, Kitisuru, Westlands",4,2,10012
 Mombasa Road,5,3,273600
"Old Muthaiga, Muthaiga",4,4,300000
", Parklands, Westlands",5,3,550049
 Mombasa Road,4,1,231000
"Towers, Cbd, Starehe",4,3,593723
" Loresho, Westlands",4,3,65000
 Mombasa Road,3,4,240042
" Kyuna, Westlands",5,3,250000
 Mombasa Road,4,2,256000
"Hill View, Westlands",5,2,250000
"Centre, Parklands, Westlands",1,3,320682
"Dogo Road, Ruaraka",4,2,238000
"Area, Embakasi North",3,4,262500
 Mombasa Road,5,4,349000
"Upper Hill, Langata",5,3,100000
 Mombasa Road,5,3,201120
" Brookside, Westlands",3,2,250000
"Kileleshwa, Dagoretti North",2,3,200000
  Ridgeways,2,3,95000
 Kiambu Road,1,2,110000
"Kilimani, Dagoretti North",2,5,170000
 Mombasa Road,1,6,165000
"Lavington, Dagoretti North",4,1,180000
"Embakasi, Embakasi East",5,1,19
" Runda, Westlands",3,1,350000
"Area, Embakasi North",2,2,76700
"Kileleshwa, Dagoretti North",4,1,150000
" Riverside, Westlands",5,2,70000
" Runda, Westlands",4,3,120000
 Kiambu Road,1,3,170000
"Kilimani, Dagoretti North",4,3,160000
"Westlands Area, Westlands",5,4,190000
"Westlands Area, Westlands",3,1,150000
" Loresho, Westlands",4,2,35000
"Kileleshwa, Dagoretti North",3,2,130000
"Lower Kabete, Westlands",3,2,9000
"Old Muthaiga, Muthaiga",3,3,90000
"Westlands Area, Westlands",2,2,350000
" Nyari, Westlands",5,4,120000
"Westlands Area, Westlands",3,3,110000
"Westlands Area, Westlands",2,3,90000
"Westlands Area, Westlands",2,5,145000
"Kilimani, Dagoretti North",5,4,80000
"Kilimani, Dagoretti North",4,5,70000
"Apartments, Thika Road",2,4,75000
  Ruaraka,2,5,115000
"Towers, Mombasa Road",2,3,130
" Kitisuru, Westlands",3,2,500000
" Parklands, Westlands",1,3,150000
"Lavington, Dagoretti North",3,6,600000
"Kilimani, Dagoretti North",5,2,355200
"Spring Valley, Westlands",3,3,187920
"Lower Kabete, Westlands",3,2,135
" Parklands, Westlands",4,3,70000
"Road, Kitisuru, Westlands",2,2,128237
"Nairobi Central, Starehe",1,1,200000
"Westlands Area, Westlands",2,3,85000
"Nairobi West, Langata",2,2,35000
"Uthiru/Ruthimitu, Dagoretti South",4,5,55000
" Mwiki, Kasarani",3,5,9500
"Kilimani, Dagoretti North",3,6,254670
"Kilimani, Dagoretti North",4,6,167196
"Kilimani, Dagoretti North",2,2,204342
"Westlands, Kitisuru, Westlands",1,3,39862
" Karen, Langata",4,3,100000
"Kilimani, Dagoretti North",3,1,65000
 Mombasa Road,2,2,155280
" Karen, Langata",2,4,75000
" Runda, Westlands",3,2,350000
"Area, Embakasi North",3,4,80
"Road, Parklands, Westlands",2,2,85
"Kasarani Area, Kasarani",4,2,13000
" Karen, Langata",1,2,300000
"Lower Kabete, Westlands",4,2,700000
 Mombasa Road,5,5,45
" Karen, Langata",1,2,300000
"Lavington, Dagoretti North",1,2,300000
" Parklands, Westlands",2,4,55000
" Karen, Langata",2,3,180000
"Kilimani, Dagoretti North",2,2,110000
"Kilimani, Dagoretti North",2,2,80000
"Centre, Parklands, Westlands",5,2,243960
"Lavington, Dagoretti North",3,2,75000
"Mwitu, Karen, Langata",4,3,80000
" Karen, Langata",3,3,310000
"Kileleshwa, Dagoretti North",2,2,140000
" Parklands, Westlands",3,2,120000
"Kilimani, Dagoretti North",5,3,150000
"Garden Estate, Roysambu",2,2,35000
 Ngong Road,4,5,50000
"Estate, Kiambu Road",3,2,90000
 Mombasa Road,4,2,35000
"Tree, Rosslyn, Westlands",2,3,350000
"Courtyard, Kiambu Road",3,4,66000
"Lower Kabete, Westlands",2,2,426895
" Karen, Langata",3,2,55000
"Rhapta Road, Westlands",3,2,150000
"Kilimani, Dagoretti North",4,2,55000
" Karen, Langata",3,5,61800
"Lavington, Dagoretti North",5,2,110000
" Parklands, Westlands",3,3,85000
" Parklands, Westlands",5,3,200000
"Westlands Area, Westlands",1,2,170000
"Lavington, Dagoretti North",3,3,120000
" Parklands, Westlands",4,3,180000
"Lavington, Dagoretti North",3,2,195000
" Parklands, Westlands",3,3,110000
"Avenue, Parklands, Westlands",3,4,80000
"Westlands Area, Westlands",4,3,380000
" Brookside, Westlands",4,2,160000
"To Usiu, Ruaraka",5,2,80000
"Estate, Kiambu Road",2,5,90000
"Kilimani, Dagoretti North",3,2,55000
"Kilimani, Dagoretti North",3,6,70000
"Kilimani, Dagoretti North",6,2,160000
"Westlands Area, Westlands",2,2,200000
" Parklands, Westlands",2,2,260000
" Parklands, Westlands",4,3,160000
" Parklands, Westlands",4,4,110000
"Upper Hill, Langata",7,3,130000
"Spring Valley, Westlands",2,4,230000
"Kilimani, Dagoretti North",3,5,170000
", Parklands, Westlands",3,3,120000
"Kilimani, Dagoretti North",3,1,130000
" Karen, Langata",3,4,150000
"Lavington, Dagoretti North",4,3,170000
" Riverside, Westlands",2,2,350000
"Kilimani, Dagoretti North",5,3,120000
"Lavington, Dagoretti North",4,2,82000
"Kilimani, Dagoretti North",3,2,200000
" Brookside, Westlands",5,2,150000
"Road, Dagoretti North",4,3,120000
"Baraka/Nyayo, Embakasi East",5,2,35000
" Parklands, Westlands",4,4,80000
" Parklands, Westlands",4,3,168000
"Windsor Park, Ridgeways",4,2,500000
"Lavington, Dagoretti North",3,4,180000
"Kilimani, Dagoretti North",1,3,170000
"Kileleshwa, Dagoretti North",5,3,55000
" Parklands, Westlands",2,2,265000
"Estate, Kiambu Road",2,4,110000
" Parklands, Westlands",3,2,130000
" Parklands, Westlands",5,4,90000
"Westlands Area, Westlands",2,2,120000
"Thindigua, Kiambu Road",2,6,76000
" Loresho, Westlands",2,4,90000
"Road, Parklands, Westlands",4,2,170000
" Karen, Langata",5,4,150000
" Riverside, Westlands",1,3,140000
"Road, Parklands, Westlands",2,4,180000
"Kilimani, Dagoretti North",5,6,75000
"Road, Parklands, Westlands",4,4,130000
" Riverside, Westlands",3,4,130000
"Kilimani, Dagoretti North",4,3,150000
"Kilimani, Dagoretti North",6,4,70000
" Parklands, Westlands",4,4,130000
" Parklands, Westlands",3,4,120000
"Kilimani, Dagoretti North",3,3,50000
"Kilimani, Dagoretti North",2,2,80000
"Kilimani, Dagoretti North",3,4,100000
"Area, Embakasi North",3,2,300000
"Rhapta Road, Westlands",2,3,140000
"Rd, Ngong Road",3,4,35000
" Karen, Langata",5,1,80000
"Kilimani, Dagoretti North",5,2,180000
" Riverside, Westlands",4,2,200000
"Lane, Brookside, Westlands",4,4,110000
"Westlands Area, Westlands",5,4,90000
"Westlands Area, Westlands",2,2,170000
"Kilimani, Dagoretti North",5,2,250000
"Road, Dagoretti North",4,2,100000
" Riverside, Westlands",8,3,150000
", Parklands, Westlands",4,2,150000
"Westlands Area, Westlands",4,3,90000
"Kilimani, Dagoretti North",1,3,230000
"Rhapta Road, Westlands",4,3,500000
"Drive, Brookside, Westlands",2,4,230000
" Karen, Langata",3,2,50000
"Lavington, Dagoretti North",3,4,160000
" Karen, Langata",4,2,120000
"Lavington, Dagoretti North",5,2,70000
" Brookside, Westlands",5,5,155000
"Lavington, Dagoretti North",4,2,170000
" Karen, Langata",5,4,78000
"General Mathenge, Westlands",4,4,250000
"Kilimani, Dagoretti North",4,4,100000
"Lower Kabete, Westlands",5,2,300000
"Lavington, Dagoretti North",2,4,55000
" Karen, Langata",4,3,120000
"Lavington, Dagoretti North",5,3,250000
" Karen, Langata",3,4,45000
" Riverside, Westlands",5,3,150000
" Kitisuru, Westlands",5,1,250000
" Parklands, Westlands",6,3,90000
"Drive, Riverside, Westlands",3,4,30000
" Karen, Langata",4,4,250000
"Kileleshwa, Dagoretti North",5,2,150000
" Karen, Langata",5,3,100000
"Ridge, Loresho, Westlands",3,3,300000
"Kilimani, Dagoretti North",2,2,150000
"Waiyaki Way, Westlands",3,3,190000
"Kileleshwa, Dagoretti North",5,4,70500
"Kileleshwa, Dagoretti North",4,4,200000
" Riverside, Westlands",4,2,130000
"Lavington, Dagoretti North",6,2,165000
"Lavington, Dagoretti North",5,7,100000
"General Mathenge, Westlands",5,2,250000
"Kileleshwa, Dagoretti North",2,4,75000
"Kilimani, Dagoretti North",4,2,190000
"Kilimani, Dagoretti North",3,4,150000
"Lavington, Dagoretti North",4,3,400000
" Karen, Langata",1,2,180000
"Kileleshwa, Dagoretti North",4,6,200000
"Kahawa West, Roysambu",4,3,45000
" Karen, Langata",5,4,140000
" Brookside, Westlands",2,4,80000
"Ridgeways Spring, Ridgeways",4,2,70000
"Rhapta Road, Westlands",1,3,115000
"Lavington, Dagoretti North",4,3,100000
"Miotoni, Karen, Langata",2,2,550000
" Karen, Langata",2,3,150000
"General Mathenge, Westlands",4,3,250000
", Riverside, Westlands",4,2,250000
" Karen, Langata",4,1,240000
"Lavington, Dagoretti North",3,5,185000
" Brookside, Westlands",2,1,130000
"Hurlingham, Dagoretti North",3,4,120000
"General Mathenge, Westlands",2,3,250000
"Lavington, Dagoretti North",2,5,97000
" Riverside, Westlands",2,3,100000
"Lavington, Dagoretti North",2,3,110000
"Drive, Brookside, Westlands",3,3,70000
" Parklands, Westlands",2,4,140000
"Westlands Area, Westlands",3,4,105000
" Karen, Langata",3,1,100000
"Westlands Area, Westlands",2,5,160000
"Road, Dagoretti North",4,4,85000
" Brookside, Westlands",2,1,100000
"General Mathenge, Westlands",3,5,100000
"Waiyaki Way, Westlands",3,2,90000
"Lavington, Dagoretti North",2,3,90000
"Lavington, Dagoretti North",2,2,60000
"Hurlingham, Dagoretti North",4,4,85000
" Riverside, Westlands",5,4,230000
"General Mathenge, Westlands",3,5,300000
" Parklands, Westlands",5,5,90000
"Waiyaki Way, Westlands",3,2,260000
" Riverside, Westlands",3,4,125000
" Parklands, Westlands",5,2,130000
" Riverside, Westlands",3,4,200000
" Riverside, Westlands",3,5,250000
"Lavington, Dagoretti North",3,3,195000
"General Mathenge, Westlands",4,5,180000
"Kilimani, Dagoretti North",2,3,95000
"General Mathenge, Westlands",3,2,120000
"Kilimani, Dagoretti North",2,3,105000
"Kileleshwa, Dagoretti North",3,2,80000
"Kileleshwa, Dagoretti North",2,2,150000
"Lavington, Dagoretti North",4,2,70000
"Kilimani, Dagoretti North",2,3,75000
"Westlands Area, Westlands",1,2,170000
" Loresho, Westlands",2,1,150000
"Lavington, Dagoretti North",1,2,500000
"General Mathenge, Westlands",2,5,250000
"Drive, Brookside, Westlands",3,4,120000
" Brookside, Westlands",3,2,150000
"Lavington, Dagoretti North",2,2,170000
"Kilimani, Dagoretti North",2,2,85000
"Lavington, Dagoretti North",2,4,50000
"Road, Dagoretti North",2,2,190000
"Mountain View, Westlands",4,3,150000
"Lavington, Dagoretti North",3,1,85000
", Riverside, Westlands",3,2,350000
"Kileleshwa, Dagoretti North",1,5,150000
" Riverside, Westlands",2,3,200000
"Rivercrest, Parklands, Westlands",2,2,100000
" Riverside, Westlands",3,2,130000
"Westlands Area, Westlands",3,2,140000
"Apartments, Kiambu Road",3,5,66000
"Kileleshwa, Dagoretti North",3,5,90000
"Kileleshwa, Dagoretti North",1,2,180000
"Kileleshwa, Dagoretti North",1,5,150000
"Lavington, Dagoretti North",3,6,100000
